"","x"
"1",1790
"2",1797
"3",1796
"4",1805
"5",1810
"6",16043
"7",1814
"8",17746
"9",21257
"10",1816
"11",18091
"12",1815
"13",1820
"14",1819
"15",18542
"16",1824
"17",22557
"18",1827
"19",21096
"20",1829
"21",17204
"22",21000
"23",1834
"24",1833
"25",1832
"26",1838
"27",1839
"28",1842
"29",1844
"30",1845
"31",1846
"32",16687
"33",20413
"34",1850
"35",16857
"36",1854
"37",17497
"38",18554
"39",17906
"40",19135
"41",17332
"42",18602
"43",1862
"44",1863
"45",1866
"46",19183
"47",1869
"48",1872
"49",17070
"50",18466
"51",1875
"52",16635
"53",1877
"54",20370
"55",1881
"56",1882
"57",1884
"58",1887
"59",22734
"60",16719
"61",1891
"62",16250
"63",17268
"64",0
"65",1890
"66",21172
"67",19491
"68",1892
"69",1893
"70",1896
"71",17947
"72",890
"73",17013
"74",895
"75",22558
"76",17361
"77",21015
"78",906
"79",910
"80",917
"81",916
"82",922
"83",926
"84",927
"85",928
"86",931
"87",933
"88",21962
"89",936
"90",955
"91",20226
"92",959
"93",961
"94",16607
"95",968
"96",21978
"97",971
"98",975
"99",21397
"100",980
"101",978
"102",21803
"103",988
"104",991
"105",996
"106",1009
"107",21406
"108",1006
"109",1004
"110",1012
"111",1017
"112",1022
"113",1023
"114",16612
"115",20801
"116",1033
"117",1035
"118",1037
"119",21377
"120",1041
"121",1044
"122",1048
"123",1052
"124",1061
"125",1066
"126",1068
"127",1076
"128",21981
"129",1074
"130",1083
"131",21003
"132",1089
"133",1090
"134",1092
"135",1100
"136",1101
"137",1115
"138",16040
"139",1123
"140",1122
"141",1145
"142",1148
"143",1151
"144",1155
"145",16403
"146",17729
"147",21796
"148",1169
"149",1167
"150",1166
"151",16227
"152",1170
"153",20826
"154",1176
"155",1181
"156",22178
"157",1183
"158",1185
"159",1189
"160",16039
"161",1194
"162",1196
"163",1206
"164",21186
"165",20862
"166",1216
"167",1218
"168",1221
"169",1226
"170",1228
"171",16231
"172",73
"173",22550
"174",1234
"175",1238
"176",1240
"177",1243
"178",1247
"179",22546
"180",1249
"181",1252
"182",1255
"183",18142
"184",20810
"185",1266
"186",1262
"187",1269
"188",21023
"189",1270
"190",1271
"191",1276
"192",1274
"193",1278
"194",1279
"195",1287
"196",21012
"197",1297
"198",20814
"199",1295
"200",1335
"201",1302
"202",22154
"203",1312
"204",1310
"205",1317
"206",1316
"207",1314
"208",22345
"209",1334
"210",22566
"211",1345
"212",1339
"213",16027
"214",1340
"215",21982
"216",20230
"217",1356
"218",22182
"219",1360
"220",72
"221",1373
"222",20854
"223",1378
"224",1380
"225",1383
"226",1382
"227",1385
"228",1397
"229",1395
"230",21404
"231",1391
"232",1389
"233",17378
"234",1404
"235",1410
"236",1411
"237",1408
"238",1406
"239",1418
"240",1413
"241",21957
"242",1422
"243",1420
"244",1426
"245",1425
"246",1428
"247",85
"248",22572
"249",20229
"250",1439
"251",22371
"252",17767
"253",1451
"254",1442
"255",21792
"256",1455
"257",1458
"258",1460
"259",1462
"260",22181
"261",1466
"262",1464
"263",1470
"264",1469
"265",1475
"266",1474
"267",1480
"268",1476
"269",1482
"270",1488
"271",20245
"272",1504
"273",21388
"274",1502
"275",1510
"276",21585
"277",1517
"278",16992
"279",1524
"280",1520
"281",1527
"282",21953
"283",1531
"284",1536
"285",22177
"286",21036
"287",1549
"288",1553
"289",1560
"290",1569
"291",1571
"292",1568
"293",1579
"294",22150
"295",1585
"296",1587
"297",1588
"298",1592
"299",1598
"300",1597
"301",1596
"302",20640
"303",1601
"304",1605
"305",1607
"306",1609
"307",1606
"308",1612
"309",1616
"310",1617
"311",17782
"312",16220
"313",1629
"314",1635
"315",1640
"316",1639
"317",1642
"318",1647
"319",1649
"320",1652
"321",1658
"322",1667
"323",1666
"324",1663
"325",1677
"326",21788
"327",1678
"328",1679
"329",1681
"330",1680
"331",1683
"332",105012
"333",22145
"334",20864
"335",1689
"336",1691
"337",17731
"338",18169
"339",1698
"340",1704
"341",1705
"342",1711
"343",1712
"344",1710
"345",1714
"346",21977
"347",1719
"348",1725
"349",1724
"350",1723
"351",1726
"352",1729
"353",1735
"354",1739
"355",1734
"356",1737
"357",1747
"358",16978
"359",1752
"360",446
"361",445
"362",449
"363",17807
"364",456
"365",453
"366",16098
"367",459
"368",451
"369",462
"370",21062
"371",464
"372",22628
"373",469
"374",16820
"375",22032
"376",465
"377",471
"378",478
"379",17391
"380",20449
"381",22356
"382",16278
"383",21030
"384",22060
"385",22408
"386",16585
"387",502
"388",17803
"389",513
"390",515
"391",519
"392",518
"393",21769
"394",530
"395",17400
"396",16293
"397",540
"398",543
"399",544
"400",545
"401",550
"402",553
"403",552
"404",16097
"405",558
"406",563
"407",569
"408",16229
"409",577
"410",22395
"411",578
"412",580
"413",16017
"414",584
"415",588
"416",590
"417",585
"418",17756
"419",597
"420",16305
"421",608
"422",605
"423",604
"424",22187
"425",612
"426",20852
"427",22427
"428",624
"429",625
"430",17930
"431",632
"432",17839
"433",637
"434",20533
"435",655
"436",16069
"437",660
"438",670
"439",20808
"440",669
"441",668
"442",664
"443",663
"444",21588
"445",672
"446",677
"447",12
"448",22361
"449",683
"450",21075
"451",682
"452",686
"453",690
"454",692
"455",694
"456",699
"457",706
"458",705
"459",704
"460",710
"461",16822
"462",715
"463",716
"464",22613
"465",16587
"466",717
"467",718
"468",724
"469",16036
"470",726
"471",727
"472",22210
"473",736
"474",22601
"475",17770
"476",22393
"477",17390
"478",731
"479",16235
"480",17992
"481",22082
"482",20829
"483",744
"484",747
"485",16998
"486",754
"487",753
"488",20845
"489",21530
"490",758
"491",16782
"492",760
"493",762
"494",761
"495",766
"496",765
"497",768
"498",772
"499",20665
"500",778
"501",17387
"502",21762
"503",785
"504",786
"505",20517
"506",803
"507",18174
"508",807
"509",813
"510",22394
"511",814
"512",22038
"513",22542
"514",820
"515",827
"516",823
"517",826
"518",822
"519",17847
"520",16061
"521",21046
"522",843
"523",22600
"524",17965
"525",21242
"526",17225
"527",850
"528",849
"529",854
"530",856
"531",858
"532",1898
"533",865
"534",20687
"535",868
"536",21393
"537",870
"538",869
"539",873
"540",880
"541",22002
"542",22586
"543",21258
"544",881
"545",22426
"546",16596
"547",16221
"548",135
"549",134
"550",137
"551",22368
"552",140
"553",17443
"554",17262
"555",147
"556",17507
"557",154
"558",153
"559",22020
"560",158
"561",16181
"562",22432
"563",17064
"564",17112
"565",165
"566",17000
"567",20288
"568",170
"569",173
"570",174
"571",175
"572",178
"573",16253
"574",179
"575",22228
"576",17048
"577",22703
"578",21391
"579",195
"580",20252
"581",209
"582",21905
"583",215
"584",17459
"585",22260
"586",223
"587",21781
"588",16844
"589",233
"590",234
"591",105021
"592",239
"593",238
"594",17080
"595",243
"596",245
"597",18299
"598",249
"599",20284
"600",252
"601",253
"602",256
"603",22444
"604",17784
"605",16892
"606",259
"607",16657
"608",264
"609",22224
"610",16840
"611",21199
"612",17023
"613",21765
"614",281
"615",22420
"616",279
"617",275
"618",276
"619",105002
"620",17028
"621",21984
"622",288
"623",16377
"624",291
"625",292
"626",21893
"627",297
"628",16141
"629",22555
"630",21085
"631",21547
"632",20502
"633",16848
"634",304
"635",310
"636",22232
"637",21133
"638",22651
"639",315
"640",318
"641",22699
"642",16233
"643",17760
"644",17071
"645",313
"646",22475
"647",21560
"648",22172
"649",18175
"650",331
"651",21364
"652",335
"653",339
"654",340
"655",17079
"656",351
"657",17015
"658",356
"659",363
"660",362
"661",361
"662",16815
"663",367
"664",368
"665",22695
"666",17986
"667",105026
"668",16010
"669",377
"670",378
"671",382
"672",381
"673",386
"674",20738
"675",388
"676",17406
"677",18251
"678",21196
"679",391
"680",394
"681",393
"682",21576
"683",392
"684",17974
"685",107
"686",19476
"687",106
"688",16053
"689",114
"690",119
"691",16812
"692",21567
"693",126
"694",17844
"695",21109
"696",130
"697",18191
"698",22248
"699",20622
"700",406
"701",408
"702",21097
"703",22852
"704",419
"705",16932
"706",16114
"707",424
"708",21384
"709",22655
"710",17325
"711",428
"712",17115
"713",21556
"714",16162
"715",22424
"716",17503
"717",16192
"718",16308
"719",1754
"720",16064
"721",1759
"722",16123
"723",1770
"724",17963
"725",1771
"726",1772
"727",16703
"728",16107
"729",18146
"730",1778
"731",36390
"732",3766
"733",3770
"734",3771
"735",39264
"736",35239
"737",35697
"738",3777
"739",37101
"740",35367
"741",3784
"742",3786
"743",41668
"744",37848
"745",3789
"746",37896
"747",39862
"748",3792
"749",3793
"750",36257
"751",36885
"752",3794
"753",37362
"754",37665
"755",38934
"756",35531
"757",3803
"758",3804
"759",38509
"760",36086
"761",42178
"762",41381
"763",35399
"764",35046
"765",3821
"766",35515
"767",36490
"768",36518
"769",41972
"770",3823
"771",35158
"772",36193
"773",205242
"774",3831
"775",37294
"776",41513
"777",3464
"778",42786
"779",3475
"780",39719
"781",40348
"782",42286
"783",205009
"784",36916
"785",35713
"786",43347
"787",3480
"788",36166
"789",35307
"790",3493
"791",42567
"792",36134
"793",42394
"794",35701
"795",42066
"796",42250
"797",35893
"798",35243
"799",3505
"800",40783
"801",42503
"802",3514
"803",3513
"804",3517
"805",205025
"806",36097
"807",40786
"808",42622
"809",35097
"810",3525
"811",35066
"812",37451
"813",43390
"814",3528
"815",40766
"816",3529
"817",40981
"818",39810
"819",37165
"820",39715
"821",3535
"822",41747
"823",3539
"824",42048
"825",3538
"826",42271
"827",3536
"828",3545
"829",3547
"830",42768
"831",3543
"832",3544
"833",35670
"834",36153
"835",3542
"836",205045
"837",39974
"838",3566
"839",42651
"840",3569
"841",41032
"842",41825
"843",42588
"844",3574
"845",42882
"846",35154
"847",35042
"848",35065
"849",41313
"850",36948
"851",3583
"852",3584
"853",36953
"854",3587
"855",41242
"856",40475
"857",42926
"858",36106
"859",37419
"860",39819
"861",40280
"862",35905
"863",39995
"864",3594
"865",3597
"866",37467
"867",3600
"868",3602
"869",3604
"870",3608
"871",3610
"872",36915
"873",3616
"874",35050
"875",3619
"876",37158
"877",3618
"878",3617
"879",35025
"880",42362
"881",3622
"882",3621
"883",3623
"884",3624
"885",3626
"886",3715
"887",3724
"888",3721
"889",3726
"890",3727
"891",42330
"892",3731
"893",40739
"894",3740
"895",3737
"896",42794
"897",35255
"898",40586
"899",36182
"900",42007
"901",40133
"902",3752
"903",3755
"904",42082
"905",39767
"906",3754
"907",35467
"908",37230
"909",42035
"910",42386
"911",35922
"912",3259
"913",35986
"914",1955
"915",3262
"916",41460
"917",3265
"918",3264
"919",41759
"920",205033
"921",205037
"922",41806
"923",37394
"924",3276
"925",40383
"926",42879
"927",37116
"928",3279
"929",3280
"930",42016
"931",3285
"932",42315
"933",205073
"934",3288
"935",36282
"936",42895
"937",3289
"938",3290
"939",35867
"940",3291
"941",41506
"942",37052
"943",36379
"944",3296
"945",42063
"946",3300
"947",35686
"948",3299
"949",3301
"950",36064
"951",35137
"952",35290
"953",3305
"954",3306
"955",39731
"956",41372
"957",3311
"958",43275
"959",40443
"960",42259
"961",205057
"962",40407
"963",35129
"964",41814
"965",35730
"966",36422
"967",3317
"968",35015
"969",42255
"970",41115
"971",37486
"972",3322
"973",35006
"974",3323
"975",3321
"976",3328
"977",36940
"978",37084
"979",35173
"980",3336
"981",42074
"982",37092
"983",42730
"984",36964
"985",40704
"986",3344
"987",205013
"988",41265
"989",35370
"990",3348
"991",35017
"992",35070
"993",40593
"994",36190
"995",40794
"996",35423
"997",43398
"998",3356
"999",35542
"1000",205005
"1001",36025
"1002",42127
"1003",35582
"1004",36105
"1005",3370
"1006",37128
"1007",3372
"1008",42579
"1009",3376
"1010",37289
"1011",41061
"1012",3378
"1013",35418
"1014",40002
"1015",40968
"1016",3382
"1017",37530
"1018",35354
"1019",42323
"1020",3389
"1021",3392
"1022",35526
"1023",40279
"1024",35502
"1025",42387
"1026",3395
"1027",35859
"1028",40081
"1029",3400
"1030",3402
"1031",3404
"1032",3405
"1033",3406
"1034",42705
"1035",37186
"1036",41762
"1037",3411
"1038",42929
"1039",42043
"1040",3417
"1041",42402
"1042",3420
"1043",3422
"1044",3424
"1045",37234
"1046",41809
"1047",40272
"1048",3429
"1049",41223
"1050",3428
"1051",36538
"1052",35590
"1053",37418
"1054",3226
"1055",39113
"1056",39553
"1057",42843
"1058",37915
"1059",39537
"1060",3234
"1061",3231
"1062",38887
"1063",35394
"1064",37863
"1065",3247
"1066",38951
"1067",36960
"1068",3246
"1069",36728
"1070",3244
"1071",36050
"1072",205161
"1073",3250
"1074",40743
"1075",42310
"1076",41093
"1077",2880
"1078",2886
"1079",35225
"1080",2889
"1081",2893
"1082",42028
"1083",2892
"1084",2894
"1085",2896
"1086",2897
"1087",2899
"1088",2901
"1089",2902
"1090",36125
"1091",40538
"1092",42283
"1093",2912
"1094",35045
"1095",2915
"1096",2914
"1097",41340
"1098",42299
"1099",40585
"1100",36491
"1101",2921
"1102",42018
"1103",2923
"1104",39710
"1105",37171
"1106",36104
"1107",42526
"1108",2934
"1109",35224
"1110",42781
"1111",2940
"1112",2946
"1113",2948
"1114",40053
"1115",205039
"1116",2949
"1117",2950
"1118",2957
"1119",2952
"1120",2965
"1121",2964
"1122",35048
"1123",37191
"1124",39776
"1125",2970
"1126",2976
"1127",35218
"1128",42773
"1129",2985
"1130",41326
"1131",40983
"1132",35032
"1133",37364
"1134",2989
"1135",40559
"1136",43313
"1137",2995
"1138",40243
"1139",3001
"1140",2998
"1141",3002
"1142",36924
"1143",3003
"1144",39729
"1145",42562
"1146",42790
"1147",3022
"1148",3029
"1149",35228
"1150",3030
"1151",3028
"1152",42017
"1153",36712
"1154",41749
"1155",36130
"1156",3034
"1157",42641
"1158",40745
"1159",3048
"1160",3051
"1161",3052
"1162",41998
"1163",3059
"1164",42514
"1165",3057
"1166",42821
"1167",3055
"1168",36943
"1169",3065
"1170",37159
"1171",3069
"1172",3067
"1173",42578
"1174",3071
"1175",3073
"1176",3078
"1177",35060
"1178",43297
"1179",40324
"1180",40061
"1181",3086
"1182",42256
"1183",35651
"1184",3087
"1185",41006
"1186",3090
"1187",3092
"1188",40496
"1189",3093
"1190",41787
"1191",3099
"1192",36295
"1193",3102
"1194",3104
"1195",205036
"1196",39969
"1197",36505
"1198",42789
"1199",36062
"1200",42572
"1201",41324
"1202",35223
"1203",37348
"1204",36968
"1205",205052
"1206",36292
"1207",43291
"1208",3116
"1209",3117
"1210",3118
"1211",40758
"1212",42806
"1213",37139
"1214",40733
"1215",36087
"1216",41103
"1217",3133
"1218",205024
"1219",35213
"1220",3137
"1221",3140
"1222",36119
"1223",3145
"1224",41796
"1225",3147
"1226",3151
"1227",3152
"1228",3154
"1229",3157
"1230",36070
"1231",3164
"1232",36504
"1233",3184
"1234",3189
"1235",41240
"1236",3190
"1237",40572
"1238",42597
"1239",3196
"1240",3194
"1241",3203
"1242",40742
"1243",1965
"1244",1973
"1245",1971
"1246",1976
"1247",1981
"1248",1980
"1249",1984
"1250",1986
"1251",40489
"1252",42260
"1253",1990
"1254",1993
"1255",43276
"1256",1998
"1257",2001
"1258",2007
"1259",2008
"1260",40986
"1261",205026
"1262",2014
"1263",2020
"1264",2016
"1265",2025
"1266",2029
"1267",2028
"1268",2031
"1269",42050
"1270",42762
"1271",205019
"1272",2046
"1273",2049
"1274",2050
"1275",2061
"1276",2064
"1277",2066
"1278",40998
"1279",2068
"1280",2071
"1281",42548
"1282",39730
"1283",2088
"1284",2087
"1285",42521
"1286",2089
"1287",2091
"1288",2095
"1289",42769
"1290",2103
"1291",2108
"1292",2113
"1293",35003
"1294",NA
"1295",2120
"1296",42026
"1297",2127
"1298",2130
"1299",2140
"1300",2144
"1301",2143
"1302",2148
"1303",2155
"1304",2154
"1305",2161
"1306",2159
"1307",2163
"1308",2166
"1309",2167
"1310",2172
"1311",40484
"1312",2171
"1313",40979
"1314",2177
"1315",2176
"1316",2178
"1317",2182
"1318",2181
"1319",2184
"1320",2187
"1321",2186
"1322",2193
"1323",2194
"1324",2195
"1325",35857
"1326",2206
"1327",2207
"1328",40254
"1329",39745
"1330",42550
"1331",2208
"1332",2215
"1333",2220
"1334",2218
"1335",2226
"1336",2222
"1337",42272
"1338",2230
"1339",2231
"1340",2228
"1341",42518
"1342",35863
"1343",2236
"1344",2237
"1345",2241
"1346",2246
"1347",2245
"1348",2249
"1349",2248
"1350",2252
"1351",2255
"1352",2258
"1353",2259
"1354",2260
"1355",2265
"1356",2264
"1357",41779
"1358",2268
"1359",2266
"1360",2271
"1361",2275
"1362",2278
"1363",2284
"1364",2285
"1365",2290
"1366",2287
"1367",2295
"1368",2303
"1369",42268
"1370",36923
"1371",40255
"1372",39736
"1373",41012
"1374",2320
"1375",205016
"1376",35860
"1377",35211
"1378",42517
"1379",2337
"1380",36921
"1381",40227
"1382",42257
"1383",2344
"1384",2351
"1385",35002
"1386",2359
"1387",2361
"1388",2364
"1389",1907
"1390",2368
"1391",2371
"1392",2379
"1393",2380
"1394",2394
"1395",2399
"1396",2407
"1397",41760
"1398",2412
"1399",2415
"1400",2417
"1401",2419
"1402",2420
"1403",2425
"1404",2431
"1405",2435
"1406",2432
"1407",2437
"1408",40999
"1409",2441
"1410",2442
"1411",2444
"1412",2445
"1413",40752
"1414",2449
"1415",2451
"1416",40262
"1417",2464
"1418",36920
"1419",205012
"1420",40000
"1421",2480
"1422",2482
"1423",2485
"1424",42045
"1425",2492
"1426",2496
"1427",2500
"1428",2505
"1429",2510
"1430",2508
"1431",2513
"1432",41278
"1433",2514
"1434",2515
"1435",205014
"1436",2521
"1437",42761
"1438",2525
"1439",35007
"1440",42265
"1441",2544
"1442",41235
"1443",2545
"1444",2546
"1445",2550
"1446",2556
"1447",2560
"1448",2565
"1449",2568
"1450",2569
"1451",2570
"1452",2574
"1453",2576
"1454",2580
"1455",41251
"1456",40987
"1457",2589
"1458",2592
"1459",2594
"1460",2597
"1461",2599
"1462",2603
"1463",2606
"1464",2604
"1465",2612
"1466",2614
"1467",2617
"1468",2623
"1469",2626
"1470",2627
"1471",2621
"1472",2630
"1473",2631
"1474",35221
"1475",37137
"1476",2637
"1477",42261
"1478",40499
"1479",2647
"1480",2650
"1481",2649
"1482",2651
"1483",2659
"1484",2677
"1485",41233
"1486",2689
"1487",40230
"1488",2693
"1489",2716
"1490",39812
"1491",2713
"1492",35302
"1493",40001
"1494",35156
"1495",2724
"1496",2727
"1497",35092
"1498",40947
"1499",36978
"1500",36357
"1501",2738
"1502",205086
"1503",2740
"1504",36116
"1505",41386
"1506",35254
"1507",40333
"1508",37195
"1509",2751
"1510",35056
"1511",2755
"1512",35334
"1513",2762
"1514",2765
"1515",37026
"1516",37381
"1517",2780
"1518",2782
"1519",35695
"1520",37389
"1521",35270
"1522",2791
"1523",36947
"1524",2796
"1525",35341
"1526",2806
"1527",2809
"1528",37119
"1529",35133
"1530",35293
"1531",36529
"1532",2819
"1533",36108
"1534",2824
"1535",40313
"1536",35357
"1537",2827
"1538",35435
"1539",2830
"1540",2832
"1541",2836
"1542",2835
"1543",2837
"1544",2839
"1545",36200
"1546",2843
"1547",35181
"1548",36136
"1549",41334
"1550",41129
"1551",36917
"1552",2850
"1553",2857
"1554",2860
"1555",2861
"1556",35261
"1557",40240
"1558",36936
"1559",205021
"1560",40014
"1561",3441
"1562",3440
"1563",35506
"1564",3442
"1565",3448
"1566",35652
"1567",35693
"1568",3761
"1569",3765
"1570",6050
"1571",51762
"1572",6049
"1573",6064
"1574",6077
"1575",6075
"1576",6080
"1577",6081
"1578",6082
"1579",45869
"1580",6086
"1581",6091
"1582",6092
"1583",45718
"1584",6094
"1585",47133
"1586",46271
"1587",52759
"1588",48480
"1589",305064
"1590",6105
"1591",6104
"1592",6109
"1593",6108
"1594",6114
"1595",47381
"1596",46944
"1597",46198
"1598",6133
"1599",50563
"1600",6136
"1601",45954
"1602",46976
"1603",6022
"1604",305032
"1605",6024
"1606",45638
"1607",6035
"1608",50171
"1609",46864
"1610",45204
"1611",6041
"1612",6042
"1613",51809
"1614",48191
"1615",46102
"1616",48351
"1617",5891
"1618",5905
"1619",48407
"1620",47802
"1621",5907
"1622",45303
"1623",5916
"1624",45016
"1625",45906
"1626",46014
"1627",46432
"1628",5940
"1629",5939
"1630",5950
"1631",5942
"1632",5969
"1633",52849
"1634",5964
"1635",52164
"1636",46480
"1637",5979
"1638",52752
"1639",5984
"1640",45830
"1641",49200
"1642",5994
"1643",5999
"1644",5998
"1645",48220
"1646",5197
"1647",5243
"1648",5249
"1649",52317
"1650",5261
"1651",50792
"1652",5267
"1653",5274
"1654",5280
"1655",5290
"1656",50758
"1657",5289
"1658",5303
"1659",5307
"1660",5323
"1661",5328
"1662",50728
"1663",5334
"1664",5338
"1665",5343
"1666",51785
"1667",5356
"1668",5357
"1669",5360
"1670",51010
"1671",51797
"1672",5371
"1673",49725
"1674",5379
"1675",5384
"1676",5382
"1677",50557
"1678",5392
"1679",5389
"1680",5397
"1681",5400
"1682",5403
"1683",5402
"1684",5407
"1685",5408
"1686",49531
"1687",5410
"1688",5416
"1689",5414
"1690",5418
"1691",3835
"1692",5431
"1693",51538
"1694",305004
"1695",5447
"1696",5445
"1697",5443
"1698",52041
"1699",51781
"1700",5441
"1701",5460
"1702",5457
"1703",49614
"1704",5463
"1705",49977
"1706",5469
"1707",5472
"1708",5475
"1709",5478
"1710",5477
"1711",5483
"1712",5480
"1713",5487
"1714",5485
"1715",5491
"1716",5496
"1717",5499
"1718",5503
"1719",5502
"1720",5517
"1721",45199
"1722",49705
"1723",5533
"1724",46828
"1725",5541
"1726",5545
"1727",5552
"1728",5558
"1729",5563
"1730",5564
"1731",52390
"1732",5566
"1733",5570
"1734",46004
"1735",50501
"1736",52585
"1737",5574
"1738",5580
"1739",5583
"1740",5581
"1741",5585
"1742",5587
"1743",50321
"1744",5590
"1745",5588
"1746",5592
"1747",5595
"1748",45057
"1749",5610
"1750",5608
"1751",5615
"1752",5616
"1753",5617
"1754",52522
"1755",5620
"1756",5622
"1757",5624
"1758",5629
"1759",5645
"1760",5641
"1761",5638
"1762",5649
"1763",5651
"1764",5652
"1765",5667
"1766",50067
"1767",5679
"1768",5680
"1769",51821
"1770",305012
"1771",46408
"1772",49988
"1773",50079
"1774",5689
"1775",5697
"1776",45001
"1777",51789
"1778",5701
"1779",5703
"1780",5707
"1781",5711
"1782",5720
"1783",52331
"1784",5731
"1785",5723
"1786",5727
"1787",5736
"1788",5733
"1789",52295
"1790",5739
"1791",5743
"1792",51578
"1793",5750
"1794",49993
"1795",5746
"1796",5752
"1797",5753
"1798",5758
"1799",5760
"1800",5763
"1801",5766
"1802",53091
"1803",5769
"1804",5774
"1805",5772
"1806",5771
"1807",50234
"1808",5776
"1809",50986
"1810",5779
"1811",5782
"1812",5811
"1813",5806
"1814",5837
"1815",5835
"1816",5834
"1817",5845
"1818",5852
"1819",5850
"1820",4141
"1821",4152
"1822",4182
"1823",4172
"1824",4175
"1825",4171
"1826",50288
"1827",4167
"1828",4166
"1829",52031
"1830",4189
"1831",49536
"1832",4199
"1833",4201
"1834",49985
"1835",4202
"1836",4203
"1837",4205
"1838",4218
"1839",4215
"1840",4220
"1841",45811
"1842",4271
"1843",4274
"1844",4294
"1845",4293
"1846",4311
"1847",4318
"1848",50801
"1849",46003
"1850",4356
"1851",4358
"1852",4366
"1853",4362
"1854",50992
"1855",4385
"1856",4391
"1857",4400
"1858",4406
"1859",4405
"1860",52556
"1861",4417
"1862",4420
"1863",4427
"1864",4432
"1865",4438
"1866",50224
"1867",4448
"1868",4450
"1869",52274
"1870",4452
"1871",4456
"1872",4459
"1873",45201
"1874",4466
"1875",4479
"1876",4483
"1877",4484
"1878",4482
"1879",45013
"1880",4485
"1881",4489
"1882",4495
"1883",4499
"1884",4502
"1885",4510
"1886",4508
"1887",4497
"1888",4517
"1889",4527
"1890",45803
"1891",4536
"1892",4547
"1893",4539
"1894",4545
"1895",4546
"1896",4551
"1897",4560
"1898",4556
"1899",4564
"1900",4567
"1901",45002
"1902",4594
"1903",4592
"1904",4635
"1905",4639
"1906",4646
"1907",4649
"1908",4642
"1909",4653
"1910",50991
"1911",4665
"1912",4659
"1913",4668
"1914",4669
"1915",4672
"1916",51055
"1917",4676
"1918",4681
"1919",4685
"1920",4699
"1921",4696
"1922",4697
"1923",4705
"1924",4716
"1925",52008
"1926",4739
"1927",4757
"1928",47011
"1929",4794
"1930",4797
"1931",4801
"1932",49770
"1933",4804
"1934",4810
"1935",3897
"1936",4824
"1937",4814
"1938",4826
"1939",4828
"1940",4829
"1941",51860
"1942",4832
"1943",4839
"1944",52543
"1945",4840
"1946",4841
"1947",51569
"1948",4842
"1949",4847
"1950",4851
"1951",51868
"1952",49519
"1953",4855
"1954",4860
"1955",4889
"1956",4891
"1957",50800
"1958",4894
"1959",4910
"1960",4911
"1961",50744
"1962",52055
"1963",4929
"1964",4932
"1965",4942
"1966",4945
"1967",51852
"1968",4956
"1969",4951
"1970",4964
"1971",4960
"1972",52262
"1973",49995
"1974",52535
"1975",4970
"1976",4973
"1977",4972
"1978",4981
"1979",4992
"1980",4989
"1981",4996
"1982",4999
"1983",5003
"1984",5009
"1985",5008
"1986",5020
"1987",5024
"1988",5028
"1989",52290
"1990",5038
"1991",5056
"1992",5050
"1993",5051
"1994",5080
"1995",52278
"1996",5077
"1997",5076
"1998",5075
"1999",5071
"2000",5072
"2001",5073
"2002",50772
"2003",5095
"2004",5092
"2005",5094
"2006",5091
"2007",5099
"2008",5103
"2009",5104
"2010",5105
"2011",5107
"2012",5110
"2013",46020
"2014",5112
"2015",5120
"2016",5134
"2017",5131
"2018",5132
"2019",51757
"2020",5137
"2021",5140
"2022",5158
"2023",5168
"2024",5165
"2025",5178
"2026",4050
"2027",4053
"2028",46151
"2029",4054
"2030",47659
"2031",45324
"2032",4067
"2033",51090
"2034",48423
"2035",4076
"2036",305101
"2037",52129
"2038",46208
"2039",4085
"2040",52427
"2041",4092
"2042",45336
"2043",4096
"2044",4104
"2045",4102
"2046",4099
"2047",4107
"2048",45752
"2049",45605
"2050",4124
"2051",46015
"2052",45187
"2053",46155
"2054",45388
"2055",48215
"2056",47688
"2057",46949
"2058",45123
"2059",305065
"2060",3928
"2061",45595
"2062",46965
"2063",45660
"2064",3984
"2065",45406
"2066",52659
"2067",3988
"2068",46329
"2069",47614
"2070",49236
"2071",305069
"2072",46305
"2073",45993
"2074",45929
"2075",3994
"2076",47295
"2077",45897
"2078",45022
"2079",45143
"2080",52627
"2081",305013
"2082",47847
"2083",45083
"2084",46293
"2085",305045
"2086",4021
"2087",51141
"2088",52205
"2089",45280
"2090",4027
"2091",45107
"2092",4026
"2093",4025
"2094",45008
"2095",45606
"2096",305137
"2097",46254
"2098",46962
"2099",50922
"2100",48249
"2101",47087
"2102",45475
"2103",47775
"2104",47008
"2105",47835
"2106",65362
"2107",6419
"2108",6424
"2109",6434
"2110",63878
"2111",6441
"2112",6444
"2113",6447
"2114",6465
"2115",6469
"2116",64723
"2117",6472
"2118",6481
"2119",6486
"2120",6491
"2121",6489
"2122",6495
"2123",405217
"2124",55034
"2125",6501
"2126",6500
"2127",6506
"2128",6383
"2129",6522
"2130",6528
"2131",6526
"2132",6532
"2133",6530
"2134",55341
"2135",6537
"2136",6539
"2137",6541
"2138",6543
"2139",66572
"2140",6547
"2141",6555
"2142",6561
"2143",6560
"2144",6557
"2145",62384
"2146",405181
"2147",55941
"2148",62526
"2149",6573
"2150",6578
"2151",6577
"2152",6579
"2153",6583
"2154",64755
"2155",405201
"2156",63505
"2157",55717
"2158",6594
"2159",6592
"2160",58295
"2161",6598
"2162",6600
"2163",65334
"2164",66180
"2165",6604
"2166",6602
"2167",6603
"2168",55411
"2169",55399
"2170",6611
"2171",6610
"2172",6609
"2173",6614
"2174",6612
"2175",6618
"2176",6619
"2177",6616
"2178",62293
"2179",66492
"2180",6628
"2181",6627
"2182",66592
"2183",63481
"2184",6636
"2185",55106
"2186",6639
"2187",66528
"2188",6642
"2189",6643
"2190",6646
"2191",6647
"2192",63113
"2193",6650
"2194",6654
"2195",6655
"2196",6657
"2197",6661
"2198",6665
"2199",6670
"2200",6673
"2201",6672
"2202",6674
"2203",6676
"2204",6680
"2205",63926
"2206",6682
"2207",6686
"2208",6688
"2209",66101
"2210",6690
"2211",6692
"2212",6695
"2213",6697
"2214",6700
"2215",6699
"2216",6702
"2217",6703
"2218",6707
"2219",65929
"2220",6385
"2221",405156
"2222",63182
"2223",6712
"2224",6713
"2225",66888
"2226",405220
"2227",6716
"2228",6717
"2229",6720
"2230",6722
"2231",6724
"2232",6727
"2233",66936
"2234",55058
"2235",55395
"2236",6732
"2237",55857
"2238",6734
"2239",6200
"2240",63417
"2241",66548
"2242",64312
"2243",62312
"2244",6741
"2245",6739
"2246",6744
"2247",65801
"2248",405252
"2249",63433
"2250",65485
"2251",6750
"2252",6754
"2253",6391
"2254",6755
"2255",6752
"2256",6757
"2257",67656
"2258",6758
"2259",62550
"2260",6762
"2261",6763
"2262",6761
"2263",6764
"2264",6765
"2265",63198
"2266",6768
"2267",6774
"2268",55709
"2269",405144
"2270",6781
"2271",6784
"2272",6785
"2273",64588
"2274",6788
"2275",6791
"2276",6793
"2277",66512
"2278",405208
"2279",64743
"2280",55027
"2281",63613
"2282",6808
"2283",6815
"2284",6813
"2285",63803
"2286",6831
"2287",6833
"2288",6835
"2289",66121
"2290",6841
"2291",6848
"2292",6852
"2293",55994
"2294",65522
"2295",6857
"2296",6859
"2297",62372
"2298",6882
"2299",63473
"2300",6887
"2301",405165
"2302",6888
"2303",6890
"2304",405177
"2305",6895
"2306",6894
"2307",6193
"2308",63177
"2309",6909
"2310",6910
"2311",6913
"2312",6915
"2313",6918
"2314",66900
"2315",6919
"2316",6923
"2317",55661
"2318",6929
"2319",6930
"2320",65837
"2321",63122
"2322",6939
"2323",6942
"2324",6944
"2325",6943
"2326",63497
"2327",6946
"2328",6950
"2329",6952
"2330",6956
"2331",66612
"2332",63565
"2333",64240
"2334",65421
"2335",63919
"2336",66110
"2337",6963
"2338",6970
"2339",6972
"2340",56720
"2341",6974
"2342",65385
"2343",405124
"2344",62858
"2345",63915
"2346",6981
"2347",6983
"2348",6985
"2349",6987
"2350",6986
"2351",65497
"2352",63150
"2353",66177
"2354",7001
"2355",7000
"2356",7004
"2357",7005
"2358",7006
"2359",7009
"2360",55370
"2361",7031
"2362",7030
"2363",63086
"2364",62364
"2365",7032
"2366",7038
"2367",7037
"2368",7039
"2369",62688
"2370",56031
"2371",405107
"2372",7053
"2373",7055
"2374",7057
"2375",405123
"2376",7063
"2377",7065
"2378",7066
"2379",7067
"2380",7070
"2381",7069
"2382",7074
"2383",7077
"2384",7080
"2385",7078
"2386",7096
"2387",7097
"2388",7095
"2389",64870
"2390",7100
"2391",7104
"2392",7109
"2393",7119
"2394",55390
"2395",66199
"2396",7146
"2397",63883
"2398",67700
"2399",57960
"2400",7154
"2401",7165
"2402",7175
"2403",7172
"2404",66524
"2405",7171
"2406",7178
"2407",7180
"2408",66220
"2409",7183
"2410",7190
"2411",7192
"2412",7194
"2413",63899
"2414",7203
"2415",7202
"2416",7201
"2417",7218
"2418",63951
"2419",7214
"2420",7221
"2421",55038
"2422",7226
"2423",6188
"2424",66098
"2425",7230
"2426",7231
"2427",7236
"2428",7234
"2429",63043
"2430",7238
"2431",66940
"2432",405135
"2433",62764
"2434",64777
"2435",64245
"2436",7252
"2437",7254
"2438",7255
"2439",7259
"2440",7268
"2441",7263
"2442",65812
"2443",7285
"2444",63578
"2445",7284
"2446",7291
"2447",63194
"2448",64356
"2449",7299
"2450",7303
"2451",62370
"2452",6268
"2453",7306
"2454",7304
"2455",7312
"2456",7318
"2457",7322
"2458",7325
"2459",7327
"2460",7331
"2461",7329
"2462",7334
"2463",7335
"2464",7336
"2465",63071
"2466",7351
"2467",63840
"2468",7358
"2469",7360
"2470",66238
"2471",65329
"2472",57297
"2473",57335
"2474",7369
"2475",7371
"2476",62479
"2477",62470
"2478",62406
"2479",64023
"2480",7389
"2481",405139
"2482",62296
"2483",7397
"2484",64234
"2485",63848
"2486",66664
"2487",7412
"2488",66591
"2489",7425
"2490",66886
"2491",65447
"2492",7431
"2493",63905
"2494",55649
"2495",7437
"2496",7439
"2497",55392
"2498",56000
"2499",7445
"2500",59515
"2501",58032
"2502",59704
"2503",8330
"2504",8329
"2505",61687
"2506",59888
"2507",61558
"2508",57435
"2509",8333
"2510",55484
"2511",55942
"2512",56842
"2513",55244
"2514",405163
"2515",405419
"2516",60345
"2517",65556
"2518",58176
"2519",56741
"2520",56805
"2521",405367
"2522",8336
"2523",60315
"2524",57553
"2525",59413
"2526",58022
"2527",58538
"2528",56834
"2529",8344
"2530",405223
"2531",8345
"2532",55542
"2533",65491
"2534",55306
"2535",405191
"2536",57311
"2537",60968
"2538",64981
"2539",59642
"2540",58138
"2541",405324
"2542",57098
"2543",62532
"2544",405132
"2545",55715
"2546",55155
"2547",55466
"2548",405168
"2549",57469
"2550",58350
"2551",56886
"2552",60531
"2553",59626
"2554",57226
"2555",61694
"2556",64928
"2557",405248
"2558",56822
"2559",58154
"2560",8366
"2561",55482
"2562",405184
"2563",57146
"2564",8369
"2565",55863
"2566",56758
"2567",57409
"2568",57521
"2569",62520
"2570",58398
"2571",58159
"2572",405320
"2573",8407
"2574",64679
"2575",55943
"2576",55684
"2577",55413
"2578",7458
"2579",7461
"2580",7462
"2581",7464
"2582",7473
"2583",7471
"2584",7470
"2585",7477
"2586",7475
"2587",66609
"2588",7482
"2589",66509
"2590",7490
"2591",7494
"2592",7503
"2593",7510
"2594",7507
"2595",66545
"2596",7515
"2597",7514
"2598",63111
"2599",7537
"2600",55662
"2601",7545
"2602",7547
"2603",66097
"2604",7550
"2605",7555
"2606",7561
"2607",65713
"2608",7564
"2609",7565
"2610",7569
"2611",62434
"2612",66618
"2613",405077
"2614",7581
"2615",7582
"2616",7579
"2617",66561
"2618",7583
"2619",7594
"2620",7611
"2621",7610
"2622",7614
"2623",7615
"2624",7619
"2625",7620
"2626",7621
"2627",7624
"2628",62739
"2629",7632
"2630",66586
"2631",7641
"2632",7643
"2633",7648
"2634",7649
"2635",7655
"2636",7653
"2637",7660
"2638",7667
"2639",7677
"2640",7689
"2641",7694
"2642",7697
"2643",7700
"2644",7699
"2645",7703
"2646",7711
"2647",64591
"2648",63831
"2649",7725
"2650",7733
"2651",7737
"2652",7736
"2653",7738
"2654",7739
"2655",65380
"2656",7742
"2657",7751
"2658",7747
"2659",7754
"2660",7752
"2661",7761
"2662",63483
"2663",7765
"2664",7763
"2665",7769
"2666",7768
"2667",7771
"2668",66983
"2669",7778
"2670",65756
"2671",7796
"2672",7806
"2673",63868
"2674",7815
"2675",7818
"2676",7819
"2677",7822
"2678",7830
"2679",7834
"2680",7845
"2681",63467
"2682",7850
"2683",7859
"2684",7868
"2685",7871
"2686",7876
"2687",7887
"2688",7885
"2689",7891
"2690",64716
"2691",65751
"2692",7895
"2693",7894
"2694",64589
"2695",7901
"2696",7909
"2697",7924
"2698",7922
"2699",7927
"2700",63863
"2701",7929
"2702",7933
"2703",7936
"2704",7939
"2705",7937
"2706",7940
"2707",7941
"2708",7944
"2709",7947
"2710",66856
"2711",7952
"2712",7954
"2713",63064
"2714",65416
"2715",7960
"2716",7964
"2717",7966
"2718",7971
"2719",7975
"2720",7974
"2721",7976
"2722",7978
"2723",7984
"2724",7986
"2725",7990
"2726",7996
"2727",8000
"2728",7999
"2729",7997
"2730",66156
"2731",8003
"2732",8005
"2733",8010
"2734",65400
"2735",8016
"2736",62458
"2737",8018
"2738",65067
"2739",8024
"2740",63827
"2741",8028
"2742",8033
"2743",8038
"2744",8041
"2745",8051
"2746",8049
"2747",8056
"2748",63494
"2749",8069
"2750",8070
"2751",8092
"2752",8093
"2753",8096
"2754",56317
"2755",8107
"2756",65376
"2757",8110
"2758",8115
"2759",8121
"2760",8123
"2761",8125
"2762",8127
"2763",8129
"2764",8142
"2765",8147
"2766",8149
"2767",8154
"2768",8153
"2769",8157
"2770",8161
"2771",65386
"2772",8175
"2773",8177
"2774",56651
"2775",8185
"2776",8187
"2777",8201
"2778",66885
"2779",67666
"2780",8209
"2781",8208
"2782",8205
"2783",8228
"2784",64718
"2785",62681
"2786",64659
"2787",8236
"2788",8254
"2789",64203
"2790",8266
"2791",8270
"2792",57961
"2793",63085
"2794",64267
"2795",56314
"2796",8275
"2797",63845
"2798",8283
"2799",64183
"2800",8296
"2801",8305
"2802",8306
"2803",8315
"2804",63042
"2805",62305
"2806",16995
"2807",38946
"2808",38962
"2809",39061
"2810",36126
"2811",1949
"2812",679
"2813",723
"2814",22924
"2815",22975
"2816",43529
"2817",3343
"2818",43644
"2819",2750
"2820",4343
"2821",4421
"2822",5170
"2823",46684
"2824",53312
"2825",53199
"2826",7043
"2827",68329
"2828",7827
"2829",7932
"2830",7934
"2831",21575
"2832",21584
"2833",41493
"2834",41500
"2835",51252
"2836",51268
"2837",51304
"2838",51250
"2839",51254
"2840",64976
"2841",64980
"2842",64996
