IDNUM,Fall,Winter,Spring,Summer
50,595.6814416,1397.024317,343.9310098,187.3010163
72,726.952948,1732.880475,382.2220125,213.7013146
73,729.4348846,1591.885144,360.8044989,185.8424933
91,545.5683377,1329.877731,322.1608195,164.6250549
107,531.6478257,1193.74356,315.5834143,190.0181626
130,681.7593897,1629.708267,389.4844585,219.415739
132,515.414848,1153.112836,310.0105532,182.1885438
133,580.1978965,1332.767517,339.6287915,193.0262779
134,580.1978965,1332.767517,339.6287915,193.0262779
137,580.1978965,1332.767517,339.6287915,193.0262779
140,580.1978965,1332.767517,339.6287915,193.0262779
145,639.6471057,1499.502186,369.6781237,206.7296345
154,651.9000178,1542.548359,374.4523569,209.0032988
158,715.9724961,1727.922734,402.5580413,222.0118049
165,1012.629199,2189.485926,476.4855331,257.647297
166,915.3455967,1976.41344,433.0001984,236.1431163
170,561.3044466,1356.545443,320.6202731,168.510355
174,561.3044466,1356.545443,320.6202731,168.510355
178,561.3044466,1356.545443,320.6202731,168.510355
182,640.4519526,1523.688695,365.8933149,195.0141934
185,657.9137552,1612.52545,373.47364,196.3936357
193,576.834446,1311.675601,334.3282561,191.6818731
195,855.0291791,1898.897315,389.0694876,215.6360755
208,545.3752272,1217.879993,322.2770656,184.785937
210,545.3752272,1217.879993,322.2770656,184.785937
214,549.8917382,1249.421322,322.1012779,183.9496832
215,549.8917382,1249.421322,322.1012779,183.9496832
218,535.3754837,1218.140374,317.0851719,180.0300507
223,687.2927645,1604.755772,382.6654744,206.402286
227,687.2927645,1604.755772,382.6654744,206.402286
228,671.8881052,1548.768955,358.5824837,206.6759891
233,482.8871276,1258.158554,297.0338057,142.600702
234,764.0421236,1798.826904,406.3267144,221.9961074
239,535.3754837,1218.140374,317.0851719,180.0300507
240,586.552568,1364.371148,335.3196736,187.0997657
242,534.4408217,1345.823553,306.7280893,155.8544776
243,619.7075583,1458.571794,344.8433847,193.8446894
245,619.7075583,1458.571794,344.8433847,193.8446894
248,480.5688783,1248.354979,287.3387606,139.1523139
249,560.2639036,1282.915535,325.6379827,185.6128098
252,541.5378033,1163.150835,284.9501194,139.5190631
253,566.5079919,1300.591991,325.7689073,185.2473039
256,560.2639036,1282.915535,325.6379827,185.6128098
269,484.3331193,1224.534896,290.1715311,144.5205859
270,583.5725061,1339.891575,330.5609556,188.76651
275,731.985931,1553.916092,369.5347829,191.8475419
276,741.7466314,1756.670654,383.9155205,229.9991756
277,741.7466314,1756.670654,383.9155205,229.9991756
278,473.8775705,1197.011565,287.5632262,140.5769941
281,683.4505469,1482.903714,340.5525615,180.0014532
284,601.1694969,1388.353606,336.5935065,193.872213
287,386.6679434,1034.096995,216.760578,94.38532048
290,560.2639036,1282.915535,325.6379827,185.6128098
291,574.9253932,1326.466153,329.4485803,188.7742206
292,574.9253932,1326.466153,329.4485803,188.7742206
297,574.9253932,1326.466153,329.4485803,188.7742206
304,622.3835564,1444.225391,353.3958927,204.3181264
315,596.4966909,1382.456708,350.6133102,197.8165391
318,586.552568,1364.371148,335.3196736,187.0997657
319,387.2733982,1009.042582,209.9536611,93.28202362
327,580.1978965,1332.767517,339.6287915,193.0262779
331,545.3752272,1217.879993,322.2770656,184.785937
332,535.3754837,1218.140374,317.0851719,180.0300507
335,687.2927645,1604.755772,382.6654744,206.402286
340,574.9253932,1326.466153,329.4485803,188.7742206
345,584.2991855,1365.129389,339.7800071,188.9299306
346,596.5189134,1400.436239,332.275775,183.5815727
354,640.4519526,1523.688695,365.8933149,195.0141934
361,482.5469509,1050.582777,268.1829435,116.9256231
362,579.123386,1362.320457,321.2666961,169.8180797
363,540.8054834,1253.762387,300.2536177,149.8055244
365,528.4955371,1239.416306,296.3027292,152.1609584
367,465.2636657,1144.799099,272.3346505,146.1941376
368,580.1978965,1332.767517,339.6287915,193.0262779
373,365.7313464,959.1507691,212.8619373,97.19184402
375,462.4949759,1137.035681,272.7397969,144.0212599
377,579.123386,1362.320457,321.2666961,169.8180797
378,691.7492662,1633.135716,371.8368096,208.8320729
381,691.7492662,1633.135716,371.8368096,208.8320729
382,417.1748357,1073.263976,258.3444793,135.3144459
386,691.7492662,1633.135716,371.8368096,208.8320729
391,589.7326914,1427.421153,316.6602747,157.9487869
392,589.7326914,1427.421153,316.6602747,157.9487869
393,589.7326914,1427.421153,316.6602747,157.9487869
396,589.7326914,1427.421153,316.6602747,157.9487869
408,577.1300464,1325.053584,328.7320509,188.4094478
425,632.4427058,1435.610572,346.0642261,198.8530164
456,385.6554408,1111.810555,287.4815053,123.1171258
459,615.0881728,1400.848971,343.9493915,196.6480894
461,424.3589544,1193.028751,318.5777742,140.0771879
476,347.4331068,898.5303462,202.5971329,92.23230001
511,335.5811753,784.1814649,200.5661546,100.3547942
530,744.9599359,1770.618557,388.2739714,218.5552045
532,715.1491672,1704.057108,374.1211705,212.7981559
534,715.1491672,1704.057108,374.1211705,212.7981559
545,410.0382518,956.746494,218.1570903,102.9451964
550,738.9719868,1786.865517,375.1476009,216.7502129
563,722.4533245,1774.330861,359.2649879,195.1065159
582,300.2874353,782.9556208,210.6260526,111.9467034
588,784.1693959,1818.606391,419.2838878,229.9269962
599,788.130603,1887.111524,398.9575263,229.8897935
605,734.2017491,1722.379418,395.745026,212.9075018
608,712.8757765,1662.412094,322.4492767,179.4149366
610,650.3300214,1520.536098,346.1067834,182.3762463
617,432.9432096,1149.013515,297.127493,127.7139894
624,469.1358366,1207.97952,323.7351468,141.510767
638,498.2292893,1262.452018,339.7616034,148.3261571
639,671.8881052,1548.768955,358.5824837,206.6759891
650,312.2712203,763.4386065,198.3480771,96.94544793
653,789.458704,1856.550312,402.4687176,217.0755051
655,814.5234567,2136.565748,447.0600988,211.4415417
660,784.1693959,1818.606391,419.2838878,229.9269962
662,804.3560939,1879.935747,428.3286012,223.5434466
663,409.3987527,1110.282822,273.5323916,117.4527385
664,804.3560939,1879.935747,428.3286012,223.5434466
679,856.9163038,2007.796426,418.4140209,238.2890703
683,856.9163038,2007.796426,418.4140209,238.2890703
694,800.752073,1866.581357,400.4201751,221.8066296
701,546.9426591,1307.41893,333.2970313,163.9767085
715,445.0399002,1082.042244,265.7576708,142.568591
716,398.8317693,1023.860885,188.0261502,98.19136519
718,611.7347171,1465.935803,351.4896101,197.0375481
723,607.6376468,1433.959374,321.5118083,161.605543
741,335.9742108,822.7677577,199.0580385,100.2136278
750,528.1606728,1257.37623,279.462619,141.5373237
754,582.6741636,1432.105717,340.6565448,168.8699609
778,678.7969841,1420.304522,372.4920343,216.157523
794,638.9574538,1511.614982,367.6443826,212.1796728
795,756.2451631,1705.555621,381.5774225,222.3986456
799,835.9355507,1835.801024,399.6337012,236.6518143
800,481.0922934,1215.942105,292.9477288,145.8734752
801,849.5075425,1859.193218,407.1419643,239.4198795
806,874.1036906,1818.518853,445.4621712,247.9379893
807,488.7321073,1039.888275,268.7956718,156.4523889
813,203.6270781,565.6578058,156.4277647,78.77094096
827,912.3555413,2077.303573,426.5294703,253.4752961
830,565.8208221,1461.562039,342.0500581,158.5273257
837,583.6235512,1280.229262,329.8556136,185.3647709
850,777.4025387,1753.22305,393.9010675,227.1981569
854,747.0481844,1669.615638,383.9352192,222.3420592
856,747.0481844,1669.615638,383.9352192,222.3420592
870,441.8167079,1131.573549,272.1042298,127.8306636
874,874.1036906,1818.518853,445.4621712,247.9379893
895,281.065766,728.2000989,188.2512132,90.16408282
922,667.9417299,1502.151774,358.3421728,210.5265327
929,312.8845197,824.3774665,192.800549,89.86948176
931,800.0062213,1720.052783,391.0288846,222.0014759
942,282.1727608,723.462856,193.8711462,94.98004698
959,956.9310474,2035.415432,472.1176767,264.5103363
966,412.4021713,1130.407987,289.5386981,126.0803763
969,560.5563386,1432.377234,332.9813247,159.4213931
977,442.2295965,1182.530687,310.0006101,136.0766847
978,542.6994899,1301.981714,254.0797653,128.4314708
979,487.0253507,1228.080835,292.7227669,142.4061992
980,367.1834953,953.6087473,201.0848443,91.37646605
996,492.1689981,1253.704336,337.4985251,153.8988068
1003,954.6029202,2093.718839,458.7599388,256.2066585
1006,1029.414702,2240.71217,480.3063269,266.2218374
1033,690.0482055,1545.910211,364.6744674,216.4964442
1041,783.854897,1699.411927,385.41605,225.1068402
1045,690.0482055,1545.910211,364.6744674,216.4964442
1048,775.2657626,1708.292089,388.0074573,226.3777125
1068,987.7761672,2130.055768,447.4721564,257.7251266
1075,1048.94582,2283.856137,462.8963754,274.3372501
1078,1085.805202,2391.626181,467.8123384,285.3043466
1092,928.5655287,1975.521591,432.2703069,243.9161875
1100,1023.078516,2182.059688,460.6603541,259.03104
1110,852.8792772,1968.785755,396.8987421,238.0728103
1113,720.8901668,1686.780157,345.5814426,197.9753958
1114,720.8901668,1686.780157,345.5814426,197.9753958
1115,595.5878368,1420.61965,291.6494415,158.7966125
1120,989.9086872,2136.168426,446.4602349,253.2152205
1123,989.9086872,2136.168426,446.4602349,253.2152205
1151,820.6230319,1771.957453,395.1025014,219.7358824
1165,1012.629199,2189.485926,476.4855331,257.647297
1166,915.3455967,1976.41344,433.0001984,236.1431163
1195,855.0291791,1898.897315,389.0694876,215.6360755
1196,855.0291791,1898.897315,389.0694876,215.6360755
1226,500.7657307,1156.9567,259.0307619,131.2058959
1241,729.4348846,1591.885144,360.8044989,185.8424933
1252,541.5378033,1163.150835,284.9501194,139.5190631
1258,541.5378033,1163.150835,284.9501194,139.5190631
1262,541.5378033,1163.150835,284.9501194,139.5190631
1271,729.4348846,1591.885144,360.8044989,185.8424933
1273,729.4348846,1591.885144,360.8044989,185.8424933
1275,731.985931,1553.916092,369.5347829,191.8475419
1279,731.985931,1553.916092,369.5347829,191.8475419
1281,683.4505469,1482.903714,340.5525615,180.0014532
1295,978.0516189,2108.05126,476.2419602,246.4890952
1313,541.5378033,1163.150835,284.9501194,139.5190631
1328,651.9000178,1542.548359,374.4523569,209.0032988
1345,584.2991855,1365.129389,339.7800071,188.9299306
1361,482.5469509,1050.582777,268.1829435,116.9256231
1385,514.2794828,1113.589705,284.7472446,122.5780299
1401,488.6904408,1072.656919,276.0321457,118.9384549
1405,525.5309892,1149.609092,296.8915649,126.2173709
1407,525.5309892,1149.609092,296.8915649,126.2173709
1409,488.6904408,1072.656919,276.0321457,118.9384549
1410,488.6904408,1072.656919,276.0321457,118.9384549
1441,410.0382518,956.746494,218.1570903,102.9451964
1449,366.3888324,823.6525664,204.3065416,101.245777
1458,438.4534807,990.2630993,244.4907689,113.1723309
1462,371.103401,840.3692246,205.2707558,103.134195
1468,418.9622104,936.4859812,224.3190575,113.5527214
1470,418.9622104,936.4859812,224.3190575,113.5527214
1474,433.9941863,951.4649447,228.0940659,119.1859222
1488,321.359243,722.8351845,181.4513045,94.67507778
1504,386.672131,917.6855198,206.0916337,107.5240948
1535,394.2400853,927.5789587,211.6814446,119.9398068
1536,353.657901,836.3635076,192.6272763,101.3182405
1539,321.359243,722.8351845,181.4513045,94.67507778
1541,328.928475,743.2481011,184.1671893,95.48260586
1543,369.8197198,849.3653747,199.477417,98.63502811
1544,369.8197198,849.3653747,199.477417,98.63502811
1545,410.0382518,956.746494,218.1570903,102.9451964
1559,429.6171886,1012.850952,229.069768,105.7864409
1569,426.0270723,1047.744882,205.9537753,100.3184173
1570,426.0270723,1047.744882,205.9537753,100.3184173
1583,495.1595093,1189.053586,231.4755124,117.6524957
1586,599.5756741,1423.138545,283.1786608,149.9568713
1598,581.8265195,1392.07523,269.0111217,144.0515433
1601,712.8757765,1662.412094,322.4492767,179.4149366
1606,581.8265195,1392.07523,269.0111217,144.0515433
1608,712.8757765,1662.412094,322.4492767,179.4149366
1616,605.8588377,1440.681099,281.6647997,155.4385748
1640,342.3529652,809.5840776,182.9665375,96.11719751
1648,342.3529652,809.5840776,182.9665375,96.11719751
1649,342.3529652,809.5840776,182.9665375,96.11719751
1677,392.6416633,979.0472219,189.1263625,98.3850024
1678,355.5144708,832.6571518,187.3444007,96.15599652
1680,402.427745,1005.15478,193.2503841,96.94650424
1699,421.8484898,1069.581956,194.6522605,97.87593026
1704,421.8484898,1069.581956,194.6522605,97.87593026
1705,389.8962113,987.9540463,188.1572143,96.08521187
1716,398.8317693,1023.860885,188.0261502,98.19136519
1729,403.9915495,1037.866952,188.3671356,99.25367981
1735,403.9915495,1037.866952,188.3671356,99.25367981
1752,542.6994899,1301.981714,254.0797653,128.4314708
1771,757.0942178,1646.010472,395.6888685,228.8251864
1778,678.7969841,1420.304522,372.4920343,216.157523
1796,600.4638439,1262.671544,344.380924,195.5157388
1797,600.4638439,1262.671544,344.380924,195.5157388
1805,488.7321073,1039.888275,268.7956718,156.4523889
1807,488.7321073,1039.888275,268.7956718,156.4523889
1829,678.7969841,1420.304522,372.4920343,216.157523
1833,783.9650741,1614.35251,448.4661687,257.6647082
1843,675.859985,1420.49775,364.3956604,213.8537871
1844,675.859985,1420.49775,364.3956604,213.8537871
1845,675.859985,1420.49775,364.3956604,213.8537871
1846,675.859985,1420.49775,364.3956604,213.8537871
1857,802.9612099,1683.947642,417.0979879,238.9444931
1874,874.1036906,1818.518853,445.4621712,247.9379893
1877,874.1036906,1818.518853,445.4621712,247.9379893
1884,874.1036906,1818.518853,445.4621712,247.9379893
1887,874.1036906,1818.518853,445.4621712,247.9379893
1896,955.7662626,2084.074213,480.3386066,266.4105014
1898,365.7313464,959.1507691,212.8619373,97.19184402
1907,511.3049415,1286.890279,298.3802753,147.9347959
1949,515.2971326,1339.513583,310.444791,148.5027525
1955,461.7494038,1150.69581,272.5603067,143.7947431
1965,493.1413873,1200.670916,297.7168818,156.6986472
1972,493.1413873,1200.670916,297.7168818,156.6986472
1981,493.1413873,1200.670916,297.7168818,156.6986472
1984,507.6942731,1242.147991,307.363884,156.7367887
1986,507.6942731,1242.147991,307.363884,156.7367887
1990,493.8990782,1208.53776,300.4119919,155.9841885
1998,499.199407,1231.634704,299.405,149.7516793
2008,507.6942731,1242.147991,307.363884,156.7367887
2016,504.3191085,1250.237641,307.2938374,151.784781
2018,504.3191085,1250.237641,307.2938374,151.784781
2028,532.8560164,1370.105366,321.4538132,151.5936478
2045,512.894059,1245.034963,311.199684,164.1962323
2046,512.894059,1245.034963,311.199684,164.1962323
2050,494.6679934,1212.481099,301.284514,157.4545788
2056,504.0372953,1234.192039,306.6434285,157.1547448
2061,511.3151541,1250.334839,310.7623845,159.9098416
2068,521.960941,1279.319159,315.9539843,160.4415914
2087,498.3211781,1228.806633,297.8812849,152.6981796
2089,545.5683377,1329.877731,322.1608195,164.6250549
2091,545.5683377,1329.877731,322.1608195,164.6250549
2103,518.8515329,1285.603179,303.0292158,155.1664986
2117,511.3049415,1286.890279,298.3802753,147.9347959
2122,510.3172272,1258.636178,308.2709987,155.3175942
2127,499.199407,1231.634704,299.405,149.7516793
2130,519.3767719,1275.033101,303.3991973,153.9731645
2137,494.591369,1239.110826,293.6143981,147.0455628
2144,498.7635189,1239.981278,297.313032,148.2801328
2145,498.7635189,1239.981278,297.313032,148.2801328
2150,491.0776999,1230.034641,296.5717094,145.0392884
2154,487.0253507,1228.080835,292.7227669,142.4061992
2161,491.0776999,1230.034641,296.5717094,145.0392884
2167,504.5155973,1291.318009,305.0768737,146.5057993
2171,504.5155973,1291.318009,305.0768737,146.5057993
2172,504.5155973,1291.318009,305.0768737,146.5057993
2178,487.0253507,1228.080835,292.7227669,142.4061992
2180,492.9018818,1245.104336,293.0956334,143.1243912
2183,486.5592015,1245.430093,294.0168108,139.6863253
2193,488.6303735,1256.420948,296.6697327,139.7385123
2195,516.3273815,1328.806251,309.7201582,149.5760195
2208,484.3331193,1224.534896,290.1715311,144.5205859
2211,483.4512721,1234.199872,289.5244487,142.0650648
2217,477.1442519,1229.963829,286.7989468,140.8557299
2218,477.1442519,1229.963829,286.7989468,140.8557299
2228,491.59904,1258.050247,291.5445374,140.0981993
2233,482.8871276,1258.158554,297.0338057,142.600702
2235,482.8871276,1258.158554,297.0338057,142.600702
2237,482.8871276,1258.158554,297.0338057,142.600702
2246,480.5688783,1248.354979,287.3387606,139.1523139
2248,480.5688783,1248.354979,287.3387606,139.1523139
2259,480.5688783,1248.354979,287.3387606,139.1523139
2265,476.3421557,1199.43863,279.1104029,130.4339001
2269,484.3331193,1224.534896,290.1715311,144.5205859
2275,482.1495856,1223.237571,291.5254037,143.0913011
2278,473.8775705,1197.011565,287.5632262,140.5769941
2283,453.1402171,1189.290832,270.0332768,126.0935087
2287,386.6679434,1034.096995,216.760578,94.38532048
2295,473.8775705,1197.011565,287.5632262,140.5769941
2307,420.7858318,1089.69154,247.4327143,115.4319559
2319,387.2733982,1009.042582,209.9536611,93.28202362
2320,387.2733982,1009.042582,209.9536611,93.28202362
2326,360.6272545,950.4922012,201.2574282,90.04777358
2332,365.0863111,939.2492073,199.6692131,92.01310899
2334,372.0285131,948.5741694,198.5084236,93.02631142
2335,376.5436269,957.20849,199.7308774,93.44658523
2340,421.6483066,1035.896628,211.3960913,102.290315
2344,496.0076681,1252.181542,293.3756418,147.1200176
2346,496.0076681,1252.181542,293.3756418,147.1200176
2353,501.8172667,1244.049886,287.5022309,141.5806758
2373,365.7313464,959.1507691,212.8619373,97.19184402
2374,371.3663037,987.7956222,216.8263719,97.36664556
2380,362.5394199,945.0135948,209.1393794,95.27582608
2394,489.6716213,1221.303029,276.5663061,133.8564657
2419,365.4932348,971.923657,212.3993353,92.62253507
2432,370.6824482,1012.467836,224.4631182,92.05148896
2436,353.0523301,926.3490362,207.4088419,91.68171962
2450,509.8313575,1248.525156,281.9003339,146.2929302
2451,509.8313575,1248.525156,281.9003339,146.2929302
2464,362.5394199,945.0135948,209.1393794,95.27582608
2466,354.3884744,932.8237844,206.1559006,92.45140873
2476,347.4331068,898.5303462,202.5971329,92.23230001
2478,347.4331068,898.5303462,202.5971329,92.23230001
2492,345.3591819,844.9249765,202.7168215,96.04737616
2496,343.8325354,835.9564507,202.182216,97.69870148
2504,343.8325354,835.9564507,202.182216,97.69870148
2511,335.5811753,784.1814649,200.5661546,100.3547942
2514,370.722338,980.3797492,218.7964628,103.7255421
2525,394.8328754,1025.607055,231.0002113,113.4537672
2533,370.722338,980.3797492,218.7964628,103.7255421
2538,353.5014094,934.8857001,208.0688028,94.28865231
2539,370.722338,980.3797492,218.7964628,103.7255421
2548,353.9030413,924.9378522,208.3224641,97.49132786
2556,345.1253867,893.0310053,201.9368155,93.44193698
2567,335.1280515,866.8376244,196.9103743,92.0802959
2571,356.8832747,881.625222,203.6691675,100.3876409
2574,333.9263153,849.5047474,198.1992169,96.05117988
2580,331.4233769,830.3091582,196.2157248,97.21684651
2589,331.9359814,842.2428983,196.8642895,93.75251025
2593,332.0757888,815.5066149,197.6097797,97.22023464
2597,342.2830935,804.8626631,199.8455984,101.1248106
2603,321.1332432,810.6976368,195.8778158,96.56232671
2607,321.1332432,810.6976368,195.8778158,96.56232671
2615,324.6946871,791.6710073,199.0737836,100.4527599
2627,348.7954231,801.9220853,201.7705,102.5206037
2630,322.1105443,784.6538103,198.4228602,98.87084543
2631,322.1105443,784.6538103,198.4228602,98.87084543
2634,322.1105443,784.6538103,198.4228602,98.87084543
2637,326.9807616,779.0342753,201.6701765,100.1131269
2643,318.9877908,776.7429395,199.8784544,100.3419004
2650,312.2712203,763.4386065,198.3480771,96.94544793
2651,326.9807616,779.0342753,201.6701765,100.1131269
2652,312.2712203,763.4386065,198.3480771,96.94544793
2659,307.3453549,750.7500109,202.8169881,99.69783567
2661,312.2712203,763.4386065,198.3480771,96.94544793
2677,293.1132019,725.1212329,216.8924371,109.2403006
2682,293.5298023,721.5434893,224.5296243,112.6588034
2688,307.3453549,750.7500109,202.8169881,99.69783567
2696,304.5444831,721.9844016,221.6072168,110.1840801
2698,299.8313334,702.4774849,227.1872442,116.4339371
2721,485.6581671,1194.612059,294.9268368,151.0506797
2724,557.3147553,1343.308198,337.498834,168.909977
2737,499.3832511,1235.272411,302.9300162,151.6894843
2738,499.3832511,1235.272411,302.9300162,151.6894843
2740,582.6741636,1432.105717,340.6565448,168.8699609
2751,609.7743508,1521.126437,360.0070309,172.9502865
2754,582.6741636,1432.105717,340.6565448,168.8699609
2762,582.6741636,1432.105717,340.6565448,168.8699609
2770,607.447708,1553.809179,347.2685745,167.330776
2781,610.9767183,1582.022746,367.6962244,170.8961443
2782,610.9767183,1582.022746,367.6962244,170.8961443
2785,572.7489612,1470.53261,335.7574772,157.7690882
2796,555.5807435,1424.095437,337.5896431,159.5581444
2800,481.0922934,1215.942105,292.9477288,145.8734752
2811,537.2633856,1390.712323,327.9760256,153.8428333
2830,565.8208221,1461.562039,342.0500581,158.5273257
2839,523.5790887,1336.359633,321.2737801,154.3721982
2842,523.5790887,1336.359633,321.2737801,154.3721982
2848,521.3904042,1332.013565,318.2342238,151.7675294
2853,521.3904042,1332.013565,318.2342238,151.7675294
2859,430.3794269,1054.391734,254.6890057,139.6519358
2860,487.9328164,1232.505819,295.4258334,146.3974692
2861,487.9328164,1232.505819,295.4258334,146.3974692
2879,540.7835149,1424.569479,325.5047801,149.24111
2880,540.7835149,1424.569479,325.5047801,149.24111
2884,686.6076704,1817.760382,374.5778444,169.4468557
2890,519.0322742,1349.314457,312.1372922,147.3827533
2891,519.0322742,1349.314457,312.1372922,147.3827533
2892,472.8040355,1188.843033,284.5335727,143.9859426
2893,519.0322742,1349.314457,312.1372922,147.3827533
2898,544.6883928,1431.792427,327.2571522,151.0356732
2902,527.1094686,1372.196081,312.9829321,145.4296444
2908,543.6231125,1418.633987,317.8795891,145.1030391
2912,527.1094686,1372.196081,312.9829321,145.4296444
2949,523.2822518,1356.793992,315.7267331,145.4395014
2950,542.9129926,1406.170106,317.5096063,144.3973697
2953,623.5977139,1615.687957,348.442275,156.5859101
2963,523.2822518,1356.793992,315.7267331,145.4395014
2969,560.5563386,1432.377234,332.9813247,159.4213931
2970,504.2786952,1279.398976,291.5589211,134.0521044
2985,444.2684341,1123.091941,266.5194794,122.2419674
2986,442.9614411,1113.216613,266.6814172,121.6154398
2989,428.3118402,1070.854174,253.1592875,115.4584719
3002,435.1839831,1101.442816,259.9003379,118.4790177
3021,474.8764267,1176.979187,268.9240564,126.4499632
3022,474.8764267,1176.979187,268.9240564,126.4499632
3030,547.6796977,1317.235649,297.080585,140.357021
3034,491.8775549,1247.976031,306.4968855,144.1500933
3036,491.8775549,1247.976031,306.4968855,144.1500933
3057,508.49537,1299.266193,310.5524182,146.4834207
3067,485.3802734,1241.136621,299.0269693,141.2819913
3069,462.0563914,1170.499106,282.1370263,130.4384834
3073,462.0563914,1170.499106,282.1370263,130.4384834
3074,462.0563914,1170.499106,282.1370263,130.4384834
3090,488.6303735,1256.420948,296.6697327,139.7385123
3093,444.2684341,1123.091941,266.5194794,122.2419674
3104,504.2786952,1279.398976,291.5589211,134.0521044
3105,569.914671,1479.14897,327.4218958,147.5189406
3106,569.914671,1479.14897,327.4218958,147.5189406
3117,418.8116624,1043.951311,251.3856665,116.4944775
3120,378.6217767,949.4295692,232.0388475,109.0899284
3130,470.4271649,1204.009531,273.4563737,126.3424276
3134,470.4271649,1204.009531,273.4563737,126.3424276
3138,376.8361924,1009.452007,216.0673192,98.82811278
3149,441.9570858,1180.608695,226.4530564,96.23184064
3157,478.1367432,1311.089085,242.5046188,99.85574206
3184,423.0927723,1063.774459,253.470294,116.144702
3187,459.3957017,1149.67769,265.1351453,123.4843457
3190,459.3957017,1149.67769,265.1351453,123.4843457
3194,391.0731831,1031.568245,227.4171917,103.5893012
3198,391.0731831,1031.568245,227.4171917,103.5893012
3209,396.1284959,1029.420159,213.0932201,95.90579108
3229,442.0092724,1102.452215,260.0496879,140.3966616
3231,494.8282887,1280.793111,299.0365985,143.8295225
3247,481.981252,1234.591625,289.5308825,143.7872732
3249,515.2971326,1339.513583,310.444791,148.5027525
3262,422.6120088,1017.183717,242.5062085,139.0324494
3264,440.8674705,1073.380614,255.0322275,142.1526189
3265,440.8674705,1073.380614,255.0322275,142.1526189
3280,448.3072528,1107.393954,262.4808022,143.1309659
3285,431.227666,1043.276687,248.8268834,140.7422711
3289,500.3634141,1278.624906,298.161421,148.1027344
3293,448.3072528,1107.393954,262.4808022,143.1309659
3296,442.9555384,1112.183462,273.0830768,141.0732378
3300,429.2529348,1077.067246,269.1905425,138.414808
3311,433.4042624,1101.508494,265.5701368,133.3769678
3317,444.6217934,1134.694691,270.2472999,131.9826426
3325,711.3384328,1859.222915,384.6836304,170.0340186
3336,444.6217934,1134.694691,270.2472999,131.9826426
3346,441.3880201,1141.292457,267.4424831,129.3564345
3367,465.2636657,1144.799099,272.3346505,146.1941376
3370,443.1509557,1087.101628,261.9789614,143.9037952
3372,462.4949759,1137.035681,272.7397969,144.0212599
3375,462.4949759,1137.035681,272.7397969,144.0212599
3382,417.1748357,1073.263976,258.3444793,135.3144459
3390,382.6775208,975.9150777,237.2287074,124.7439043
3395,417.2600692,1062.103815,252.2376594,127.6062374
3402,457.4249005,1136.570135,275.1748103,144.0656074
3406,368.9991601,938.7703587,224.1989352,119.3097867
3411,422.0061988,1082.494165,252.9150479,131.4096794
3429,365.5001057,914.5663118,222.5706067,119.2040194
3438,480.5870128,1154.940266,279.4074409,147.6771422
3460,519.7017994,1213.844613,304.0679992,174.5550681
3466,519.7017994,1213.844613,304.0679992,174.5550681
3467,500.2102388,1154.96287,293.3719071,171.3151911
3471,500.2102388,1154.96287,293.3719071,171.3151911
3478,471.0738414,1116.297436,272.4908052,150.3246769
3506,481.1915825,1148.834641,281.2347285,153.8874715
3517,454.8918682,1088.207023,263.1590545,145.727739
3524,527.5783375,1289.130367,305.5916505,160.1579595
3528,466.3998727,1133.796134,275.5049047,148.1082236
3541,439.2796118,1120.270509,266.9092773,137.9337333
3542,445.6095817,1113.178983,266.8314411,139.999148
3544,434.1943207,1059.983182,261.3683405,138.3862653
3559,445.6095817,1113.178983,266.8314411,139.999148
3574,637.5137507,1644.326891,359.3625521,181.7197019
3578,402.4869381,1030.147843,243.3927546,127.3984272
3583,422.0061988,1082.494165,252.9150479,131.4096794
3584,442.3492294,1145.429988,266.3664601,133.9133818
3587,545.4508368,1368.608196,315.7004764,160.7340278
3597,545.4508368,1368.608196,315.7004764,160.7340278
3601,723.5563495,1835.006552,394.7951075,194.2057468
3604,723.5563495,1835.006552,394.7951075,194.2057468
3616,734.4524732,1915.055829,406.015652,199.5997497
3618,718.5548156,1872.44132,398.8669019,197.8061296
3622,718.5548156,1872.44132,398.8669019,197.8061296
3623,718.5548156,1872.44132,398.8669019,197.8061296
3646,805.9388871,2132.164765,439.8136171,214.8046675
3655,814.5234567,2136.565748,447.0600988,211.4415417
3718,611.7347171,1465.935803,351.4896101,197.0375481
3719,541.0442364,1256.236256,314.7757421,184.6080054
3724,637.3036785,1552.495806,363.74864,197.771343
3725,637.3036785,1552.495806,363.74864,197.771343
3726,665.0715221,1646.096395,375.2057539,199.8012761
3728,665.0715221,1646.096395,375.2057539,199.8012761
3731,710.3788469,1795.629872,392.1577328,204.0322188
3740,777.9286051,1998.312748,420.623527,220.1449521
3757,691.9602648,1700.632734,388.1278486,213.7488937
3761,646.3245787,1507.929752,371.6008687,212.7923117
3766,662.6733754,1539.447322,380.4256575,216.0381545
3777,591.7583276,1356.345158,352.0891257,210.2703443
3790,638.9574538,1511.614982,367.6443826,212.1796728
3794,638.9574538,1511.614982,367.6443826,212.1796728
3823,534.4408217,1345.823553,306.7280893,155.8544776
3830,534.4408217,1345.823553,306.7280893,155.8544776
3831,534.4408217,1345.823553,306.7280893,155.8544776
3840,269.647701,673.4595635,181.0989193,103.2665546
3862,339.2057439,1039.210121,252.6372524,101.8408132
3897,346.2207054,1001.539831,252.9912928,105.9256021
3928,411.5458927,1267.308541,287.0826799,125.8566058
3967,352.8511653,1030.404312,239.4780398,103.7507151
3986,619.3347469,1817.605668,424.8040989,187.7776035
3988,477.6472299,1463.596815,332.7380118,145.516167
3989,477.6472299,1463.596815,332.7380118,145.516167
3993,477.6472299,1463.596815,332.7380118,145.516167
3994,634.3909005,1974.707672,449.288142,187.6991547
4001,505.2624567,1562.025632,355.4111854,153.9683312
4002,505.2624567,1562.025632,355.4111854,153.9683312
4003,505.2624567,1562.025632,355.4111854,153.9683312
4004,505.2624567,1562.025632,355.4111854,153.9683312
4006,592.1465259,1840.797125,414.6649891,179.7771706
4017,484.209935,1514.805584,331.3374826,138.8362298
4020,452.3695088,1414.460808,311.2985341,125.0628371
4021,399.9455619,1234.244882,275.2638115,107.9473727
4025,403.0340041,1231.688321,275.222095,112.6167654
4027,399.9455619,1234.244882,275.2638115,107.9473727
4049,433.7892823,1322.310229,305.7753485,127.5922164
4050,433.7892823,1322.310229,305.7753485,127.5922164
4054,401.3606175,1241.307604,280.1431702,118.5288813
4074,599.099781,1271.06813,287.124839,221.8494988
4075,466.0405389,1396.194103,337.7533354,135.5785683
4096,373.7544307,1177.427423,270.7862267,111.1393853
4102,373.7544307,1177.427423,270.7862267,111.1393853
4107,507.6311636,1513.483767,349.7498885,154.5991928
4135,380.3439246,1151.097191,263.6636402,111.7687597
4140,412.9191193,1251.703473,288.8466105,120.1857859
4176,385.1526652,1148.08482,265.3876064,111.2388324
4193,393.5782034,1178.5025,272.4051904,114.2480609
4196,393.5782034,1178.5025,272.4051904,114.2480609
4199,393.5782034,1178.5025,272.4051904,114.2480609
4204,344.8983998,1042.265955,238.0666296,101.6435128
4207,393.5782034,1178.5025,272.4051904,114.2480609
4215,350.6288155,1042.952747,241.408518,101.9408944
4220,344.8983998,1042.265955,238.0666296,101.6435128
4268,343.8580568,988.186393,242.9006307,98.65125977
4313,350.6288155,1042.952747,241.408518,101.9408944
4334,321.0585254,974.6146226,220.2825354,94.73378788
4341,317.2277123,958.1580713,219.057112,94.04999712
4356,314.4798891,972.0640204,219.3237904,91.66470193
4362,321.0585254,974.6146226,220.2825354,94.73378788
4385,303.9996119,955.3406751,213.0982477,89.2289733
4405,303.9996119,955.3406751,213.0982477,89.2289733
4421,332.5167742,1009.13215,245.792659,99.88496751
4427,332.5167742,1009.13215,245.792659,99.88496751
4441,357.0848813,1048.148972,264.8087414,110.8377866
4456,385.6554408,1111.810555,287.4815053,123.1171258
4461,424.3589544,1193.028751,318.5777742,140.0771879
4479,424.3589544,1193.028751,318.5777742,140.0771879
4497,354.4856769,1062.148086,262.8306838,109.7287777
4504,354.4856769,1062.148086,262.8306838,109.7287777
4507,354.4856769,1062.148086,262.8306838,109.7287777
4517,326.5942997,1020.414696,246.1242108,95.06778858
4525,369.0738217,1070.58466,275.1103577,115.6797804
4539,317.4593576,847.0668142,230.132279,117.2787731
4546,317.4593576,847.0668142,230.132279,117.2787731
4547,349.7517544,977.181222,255.1904831,117.8415007
4582,300.2874353,782.9556208,210.6260526,111.9467034
4592,278.1192145,699.9718218,190.6701205,100.3925311
4628,328.0919223,1005.183586,241.5945149,98.6117887
4629,321.6631712,1007.184276,239.1953573,93.95128684
4648,337.5093097,1051.359522,236.1791745,98.59371616
4669,369.5092697,1144.705257,257.1188713,99.4261826
4672,317.4020886,1036.056167,239.7929095,86.54326547
4676,311.1081116,1030.824384,240.9017645,85.15526824
4691,382.9699266,1196.55516,272.5785155,102.1734923
4699,382.9699266,1196.55516,272.5785155,102.1734923
4702,495.7192229,1377.086662,318.0344541,126.0017651
4732,408.8195104,1176.976958,292.1673139,130.2160226
4735,480.8238461,1324.544283,337.7113648,148.6362908
4739,463.2828736,1331.042691,324.1012453,133.1499718
4742,575.746238,1579.740605,359.8273663,138.2611123
4749,463.2828736,1331.042691,324.1012453,133.1499718
4753,529.3370366,1472.489176,343.5097945,130.3227861
4755,529.3370366,1472.489176,343.5097945,130.3227861
4757,541.9790339,1446.622523,363.4835272,153.0951848
4758,529.3370366,1472.489176,343.5097945,130.3227861
4794,362.9066801,1059.581961,266.2399116,111.3851019
4797,332.2881357,978.5640375,240.4879684,101.6541185
4811,356.991935,1027.300752,261.9507768,110.3126361
4814,356.991935,1027.300752,261.9507768,110.3126361
4828,393.096513,1120.831628,291.5469109,124.3400698
4829,356.991935,1027.300752,261.9507768,110.3126361
4832,334.0089283,954.5126347,240.4193804,98.43070305
4851,341.4164053,969.7270351,245.2277913,102.0391328
4852,341.4164053,969.7270351,245.2277913,102.0391328
4896,338.747827,982.7379591,239.620082,99.75988862
4905,345.7422467,981.0132937,245.415698,101.1021528
4932,426.5089045,1159.68895,300.8445741,133.5855256
4945,387.783868,1091.787137,274.0220062,116.3089653
4960,412.4021713,1130.407987,289.5386981,126.0803763
4963,387.783868,1091.787137,274.0220062,116.3089653
4964,387.783868,1091.787137,274.0220062,116.3089653
4966,412.4021713,1130.407987,289.5386981,126.0803763
4970,426.5089045,1159.68895,300.8445741,133.5855256
4971,412.4021713,1130.407987,289.5386981,126.0803763
4989,463.4463711,1220.35286,323.0746061,145.5326092
4996,492.1689981,1253.704336,337.4985251,153.8988068
5003,511.3049415,1286.890279,298.3802753,147.9347959
5005,470.2034793,1226.371556,327.4509926,147.5918712
5008,463.4463711,1220.35286,323.0746061,145.5326092
5030,344.7177392,997.4167494,242.5841242,100.323736
5036,346.2309524,992.9533424,246.7293496,101.8954727
5049,426.3064215,1043.720692,262.2476081,140.1203034
5050,415.0267272,1146.100847,287.9803833,122.5787733
5051,510.3172272,1258.636178,308.2709987,155.3175942
5052,415.0267272,1146.100847,287.9803833,122.5787733
5071,433.6416041,1169.877057,300.8774724,132.3361289
5072,406.5080728,1131.792136,283.743583,121.4072378
5073,433.6416041,1169.877057,300.8774724,132.3361289
5075,433.6416041,1169.877057,300.8774724,132.3361289
5080,387.783868,1091.787137,274.0220062,116.3089653
5091,406.5080728,1131.792136,283.743583,121.4072378
5096,406.5080728,1131.792136,283.743583,121.4072378
5107,446.074198,1188.159368,306.1997507,133.2634568
5110,433.6416041,1169.877057,300.8774724,132.3361289
5115,446.074198,1188.159368,306.1997507,133.2634568
5137,446.074198,1188.159368,306.1997507,133.2634568
5150,446.074198,1188.159368,306.1997507,133.2634568
5154,453.357362,1199.194247,312.2822253,136.6817402
5165,479.0883108,1241.279427,330.0182393,146.6892101
5167,479.0883108,1241.279427,330.0182393,146.6892101
5289,355.924999,1019.573239,242.2008794,102.050188
5323,423.113238,1151.382961,290.1124697,125.4686806
5334,423.113238,1151.382961,290.1124697,125.4686806
5338,382.5518797,1062.577207,256.7979129,108.0782593
5342,419.3084613,1126.431726,283.5830668,122.1179848
5360,424.8160348,1151.161524,297.9236244,127.9040016
5370,452.0238492,1198.943292,314.3319748,138.3076722
5382,441.4789136,1180.871926,311.0185462,137.6409331
5389,436.4407651,1184.517071,312.6585198,135.9813672
5402,436.4407651,1184.517071,312.6585198,135.9813672
5404,436.4407651,1184.517071,312.6585198,135.9813672
5416,436.4407651,1184.517071,312.6585198,135.9813672
5426,470.2034793,1226.371556,327.4509926,147.5918712
5436,529.639351,1349.784095,370.2914103,178.9940197
5437,529.639351,1349.784095,370.2914103,178.9940197
5438,526.7749595,1353.051098,347.5956196,166.5467124
5447,436.2800469,1169.392661,307.45945,135.3598313
5456,412.6575992,1112.557857,279.9290134,119.8797891
5457,412.6575992,1112.557857,279.9290134,119.8797891
5460,442.2295965,1182.530687,310.0006101,136.0766847
5463,442.2295965,1182.530687,310.0006101,136.0766847
5480,428.9636767,1136.352426,298.3212084,138.5111107
5483,428.9636767,1136.352426,298.3212084,138.5111107
5491,395.5140768,1055.63109,261.1142817,123.4745809
5514,455.3246999,1196.608832,294.8604232,140.4455451
5523,455.3246999,1196.608832,294.8604232,140.4455451
5526,409.2754659,1072.671213,250.648262,118.2009471
5533,344.3041027,971.4053302,188.1082531,87.47066116
5539,344.3041027,971.4053302,188.1082531,87.47066116
5552,366.5601344,1015.808932,214.5036849,102.9487083
5564,419.3084613,1126.431726,283.5830668,122.1179848
5565,400.6810074,1088.239025,268.624122,114.6599555
5566,400.6810074,1088.239025,268.624122,114.6599555
5570,412.3676835,1113.383585,278.8063262,119.0727751
5571,400.6810074,1088.239025,268.624122,114.6599555
5581,475.4620782,1208.798603,310.5051382,139.9920643
5617,432.9432096,1149.013515,297.127493,127.7139894
5619,432.9432096,1149.013515,297.127493,127.7139894
5620,432.9432096,1149.013515,297.127493,127.7139894
5624,469.1358366,1207.97952,323.7351468,141.510767
5629,469.1358366,1207.97952,323.7351468,141.510767
5634,453.1928047,1192.382247,314.0886495,133.8234758
5638,498.2292893,1262.452018,339.7616034,148.3261571
5645,453.1928047,1192.382247,314.0886495,133.8234758
5655,498.2292893,1262.452018,339.7616034,148.3261571
5663,409.3987527,1110.282822,273.5323916,117.4527385
5670,437.4995364,1155.089947,289.1407937,128.3816141
5674,437.4995364,1155.089947,289.1407937,128.3816141
5676,265.2077821,645.7077868,207.4723895,123.162033
5677,509.176735,1255.286437,323.2409103,149.4613175
5686,521.8784904,1278.252354,325.3449777,157.2090261
5701,546.9426591,1307.41893,333.2970313,163.9767085
5703,565.767688,1339.398077,345.3386108,170.3734922
5721,539.0033557,1310.035227,340.344574,163.5713289
5727,539.0033557,1310.035227,340.344574,163.5713289
5731,539.0033557,1310.035227,340.344574,163.5713289
5735,539.0033557,1310.035227,340.344574,163.5713289
5737,539.0033557,1310.035227,340.344574,163.5713289
5743,533.0095807,1303.538,345.6612388,161.2729347
5768,537.9460391,1301.005995,328.5320036,160.092371
5770,537.9460391,1301.005995,328.5320036,160.092371
5776,387.7800019,1073.828093,257.129965,112.0320911
5782,387.7800019,1073.828093,257.129965,112.0320911
5790,423.7802664,1143.10454,281.98049,124.5802873
5806,423.7802664,1143.10454,281.98049,124.5802873
5828,440.7607832,1178.102679,292.3349537,129.9605831
5829,440.7607832,1178.102679,292.3349537,129.9605831
5834,440.7607832,1178.102679,292.3349537,129.9605831
5885,404.385532,1099.126488,257.5139116,117.2895211
5935,434.3690641,1146.800499,280.1981663,126.3028498
5940,467.7257573,1191.162341,300.5816385,135.9383939
5947,433.5213237,1134.96305,275.5396725,127.9634824
5950,473.6600816,1201.591061,298.5332828,141.4990625
5965,335.5996534,837.679156,199.605498,98.66133582
5968,448.8684738,1160.717347,281.1914474,134.8878038
6033,511.223286,1234.450948,315.5176354,169.9542679
6035,511.223286,1234.450948,315.5176354,169.9542679
6041,511.223286,1234.450948,315.5176354,169.9542679
6042,511.223286,1234.450948,315.5176354,169.9542679
6049,490.3375328,1192.728524,303.9602896,161.7285224
6080,531.776984,1279.808769,324.3759674,174.6941985
6086,552.6946208,1325.120995,322.6606039,172.3124554
6092,531.776984,1279.808769,324.3759674,174.6941985
6104,531.9505919,1267.952078,338.8613974,179.8269898
6108,531.9505919,1267.952078,338.8613974,179.8269898
6268,259.4134568,708.4785185,168.1321156,74.81946525
6293,307.4731108,765.7271731,241.9503429,146.5411729
6380,552.1597353,1335.657642,318.564241,175.9138488
6383,636.8944654,1497.908499,347.869742,194.6936056
6385,337.2567317,833.9008814,200.5710257,102.4603251
6391,335.0845836,810.2798868,201.1549035,102.3865657
6419,452.0060583,1164.157377,281.0551397,135.7779141
6424,481.9430892,1203.307981,296.355143,144.1934049
6430,481.9430892,1203.307981,296.355143,144.1934049
6456,455.4959388,1148.158298,275.3992587,138.6976082
6465,459.8479497,1174.505138,283.726034,144.2760893
6469,496.4848695,1228.997166,300.1599648,160.2202473
6472,496.4848695,1228.997166,300.1599648,160.2202473
6474,496.4848695,1228.997166,300.1599648,160.2202473
6481,521.3053933,1264.803297,311.7528876,167.4828252
6501,556.8663238,1345.871795,320.9860765,177.3497329
6506,636.8944654,1497.908499,347.869742,194.6936056
6512,636.8944654,1497.908499,347.869742,194.6936056
6513,649.4409323,1530.552634,357.2307564,194.4204066
6522,491.1503738,1229.037898,297.6693059,153.6555821
6539,552.1597353,1335.657642,318.564241,175.9138488
6541,552.1597353,1335.657642,318.564241,175.9138488
6543,552.1597353,1335.657642,318.564241,175.9138488
6557,515.2993392,1288.490586,301.5829921,159.1488372
6577,527.7258735,1311.857809,306.3795475,160.2173177
6578,527.7258735,1311.857809,306.3795475,160.2173177
6579,449.9557859,1148.957386,265.3844824,134.4289257
6580,449.9557859,1148.957386,265.3844824,134.4289257
6582,527.7258735,1311.857809,306.3795475,160.2173177
6592,591.6976266,1419.097877,321.0980254,177.8233875
6594,591.6976266,1419.097877,321.0980254,177.8233875
6598,449.9557859,1148.957386,265.3844824,134.4289257
6600,591.6976266,1419.097877,321.0980254,177.8233875
6601,591.6976266,1419.097877,321.0980254,177.8233875
6603,484.8856339,1213.289045,275.5703107,143.494105
6610,395.1923157,1026.671939,231.6126778,113.5128524
6611,395.1923157,1026.671939,231.6126778,113.5128524
6614,429.2364259,1114.302975,256.0360448,130.4840946
6628,344.9427197,901.0679526,203.5852923,96.29107453
6639,355.1993745,863.8338642,202.5934049,101.6412232
6647,432.4716917,1117.576083,254.0000696,126.2727328
6673,331.0476961,862.7344816,195.5143229,91.60259271
6680,353.5911184,911.5643267,205.1775163,98.3334704
6690,367.075849,941.6170018,207.8531702,105.0756788
6695,331.0476961,862.7344816,195.5143229,91.60259271
6712,341.2996226,858.4958007,199.1186116,97.37506823
6732,341.444429,837.7299674,199.5213514,100.4007352
6741,335.9742108,822.7677577,199.0580385,100.2136278
6744,335.9742108,822.7677577,199.0580385,100.2136278
6757,335.0845836,810.2798868,201.1549035,102.3865657
6762,331.9240746,782.3775595,207.4831766,106.4444876
6763,331.9240746,782.3775595,207.4831766,106.4444876
6764,330.8998329,800.8418059,203.1024912,104.2017563
6765,330.7860169,807.1817606,199.4909749,100.8887481
6781,332.7532825,796.2782581,205.694172,103.7082728
6785,329.0198484,782.3488799,207.4752617,105.2626473
6786,332.7532825,796.2782581,205.694172,103.7082728
6791,329.0198484,782.3488799,207.4752617,105.2626473
6810,502.2293251,1238.006482,306.4892281,150.8801295
6831,511.905623,1257.189311,312.7888473,154.6314325
6841,441.8167079,1131.573549,272.1042298,127.8306636
6846,397.6674283,1031.85937,239.2161191,111.0302758
6857,335.2010092,899.7809148,203.9329026,95.53091807
6870,441.8167079,1131.573549,272.1042298,127.8306636
6886,509.897393,1250.365825,299.8524622,154.9147566
6887,509.897393,1250.365825,299.8524622,154.9147566
6890,355.0255819,943.9625549,216.9452801,101.3429984
6894,363.5438249,945.8506195,217.6529119,106.4293244
6903,347.5135061,876.0712548,202.007317,99.47554777
6910,321.9770617,873.5402596,197.0675572,87.99728893
6912,321.9770617,873.5402596,197.0675572,87.99728893
6915,734.4524732,1915.055829,406.015652,199.5997497
6919,305.3935283,843.6804746,189.1880082,79.57571241
6929,312.8845197,824.3774665,192.800549,89.86948176
6938,324.6264319,845.6850723,196.617466,91.77329966
6942,324.6264319,845.6850723,196.617466,91.77329966
6963,303.5139479,789.6375114,193.8550166,93.74954982
6964,303.5139479,789.6375114,193.8550166,93.74954982
6987,287.5011248,765.3845558,189.8870962,88.83105377
7005,296.6881878,793.0211931,190.4869489,94.1763426
7026,296.5045899,757.0527794,197.0319135,98.20604153
7057,280.1677119,719.2876935,196.8438311,98.59940222
7063,280.1677119,719.2876935,196.8438311,98.59940222
7075,292.7924293,733.6065308,201.1423817,99.95572509
7077,292.7924293,733.6065308,201.1423817,99.95572509
7096,285.7639454,721.206383,209.7148756,106.7361004
7104,285.7639454,721.206383,209.7148756,106.7361004
7124,278.845028,727.0255862,189.8611415,92.31616505
7146,275.7027699,715.1524908,192.9055973,95.55471686
7147,274.3751222,704.2390159,193.8651445,98.23564719
7172,308.4634775,787.1866528,248.5517297,120.4039413
7178,273.5527318,694.0171473,201.3973711,102.638113
7183,309.8702063,792.9275605,256.3488067,127.2699737
7190,299.50216,770.941965,240.7472289,119.9953372
7195,299.50216,770.941965,240.7472289,119.9953372
7203,291.5770481,820.94487,186.2080428,74.86456659
7225,294.0117094,791.8596832,191.355688,94.86772206
7230,283.011308,789.6848257,186.5961295,77.59616223
7237,279.3396577,740.1037154,198.2908894,99.44914963
7238,279.3396577,740.1037154,198.2908894,99.44914963
7240,283.4789068,802.5398774,197.5866515,100.1551797
7251,263.2689382,711.7434204,178.4290527,80.71143973
7258,269.1931165,746.0164597,174.7112499,75.61785698
7261,269.1931165,746.0164597,174.7112499,75.61785698
7263,259.4134568,708.4785185,168.1321156,74.81946525
7274,269.1931165,746.0164597,174.7112499,75.61785698
7277,290.5434501,811.4668638,188.3465419,77.28574716
7285,269.1931165,746.0164597,174.7112499,75.61785698
7308,266.1893388,731.9746303,178.3340735,82.52982552
7334,278.5822691,815.0749836,171.247497,85.63037497
7351,230.0952788,591.7516688,159.8488983,79.51729358
7352,230.0952788,591.7516688,159.8488983,79.51729358
7358,239.0189102,611.1856429,171.1709597,89.90630615
7360,239.0189102,611.1856429,171.1709597,89.90630615
7369,247.5608383,626.2304897,177.2502279,95.17459546
7370,247.5608383,626.2304897,177.2502279,95.17459546
7371,247.5608383,626.2304897,177.2502279,95.17459546
7379,283.4050756,731.0756674,221.2232652,113.4958255
7382,283.4050756,731.0756674,221.2232652,113.4958255
7384,320.1246911,823.0399772,255.7898359,128.9447639
7386,320.1246911,823.0399772,255.7898359,128.9447639
7397,268.5986351,682.4895012,201.2648088,109.3396217
7408,334.7300916,842.7431336,249.2325793,131.5031513
7411,361.1674025,912.1554014,269.1962144,140.1523731
7416,454.4528155,1123.531305,316.6678926,162.4260274
7427,374.395617,975.2011677,309.9541036,150.3573746
7431,331.3067737,848.1298681,260.0911526,131.2761567
7445,221.098328,591.2871133,166.0817324,82.14474413
7483,228.5160814,586.1594668,177.5750135,95.87083362
7484,228.5160814,586.1594668,177.5750135,95.87083362
7490,209.445041,536.7633252,165.3003444,91.02427619
7510,203.5686821,552.8596411,144.1557972,75.00149416
7533,255.420807,723.9139415,158.6803768,69.83973514
7535,297.2685435,822.488262,173.8649291,71.98272058
7537,237.8659468,677.5850188,156.5332316,67.97035531
7545,234.015622,670.8576722,159.4476154,69.50090184
7551,242.4417217,688.2248736,166.0531136,73.33155071
7610,236.9406071,673.0619089,158.9504431,74.04217651
7620,219.6322835,612.2844248,148.3433811,69.89997127
7624,222.4515227,625.4903554,155.545564,73.9233392
7668,231.8906704,579.3229341,181.9123981,101.3182121
7699,246.5449357,597.7703632,194.7751171,117.3101037
7703,246.5449357,597.7703632,194.7751171,117.3101037
7710,246.5449357,597.7703632,194.7751171,117.3101037
7718,275.6664107,658.4999019,216.1287555,132.6957318
7725,241.0289731,605.0620995,188.7995127,102.3486345
7731,389.4792763,983.7658413,186.693792,96.61817427
7739,226.2065206,572.4718199,176.4969369,96.9060018
7752,244.3250706,618.2393312,189.8395554,102.6218329
7768,269.0751166,656.91305,207.831296,121.8395335
7778,269.0751166,656.91305,207.831296,121.8395335
7813,203.6270781,565.6578058,156.4277647,78.77094096
7844,224.9842944,647.5853986,161.7233859,71.19080599
7845,224.9842944,647.5853986,161.7233859,71.19080599
7869,255.5291329,704.8290942,175.1630197,77.88791196
7881,268.2245045,722.8289273,181.6373817,83.51982624
7883,279.5366491,740.0098659,187.1649981,87.00789876
7887,274.2200031,725.7926802,182.5375089,84.08982444
7891,281.065766,728.2000989,188.2512132,90.16408282
7894,274.2200031,725.7926802,182.5375089,84.08982444
7895,281.065766,728.2000989,188.2512132,90.16408282
7926,234.8350402,684.4144289,171.1313403,74.89434094
7937,226.9173502,647.8999605,164.2510233,73.80902635
7941,226.9173502,647.8999605,164.2510233,73.80902635
7947,234.2652956,629.4966746,168.0921955,77.24807038
7952,218.7770253,583.7054939,162.3117855,78.19163015
7954,218.7770253,583.7054939,162.3117855,78.19163015
7965,204.6202824,539.1366725,156.0687078,80.74003718
7973,220.4326764,748.7986514,155.0963175,63.46918084
7974,220.4326764,748.7986514,155.0963175,63.46918084
7976,220.4326764,748.7986514,155.0963175,63.46918084
7999,221.7639949,736.3245423,152.2891958,64.20368794
8003,221.7639949,736.3245423,152.2891958,64.20368794
8008,227.8423926,709.6325361,169.158878,75.71820493
8009,212.1861597,679.1079217,152.4679621,66.614509
8010,212.1861597,679.1079217,152.4679621,66.614509
8024,205.2606307,612.1041207,153.0646618,72.14514101
8033,232.535574,674.7014554,174.5482822,92.35193637
8037,235.520189,702.8893381,171.2771398,87.52815047
8056,218.103166,618.2910904,169.2550634,89.36473103
8071,233.5329897,684.2754572,182.3267831,93.62669241
8093,188.6166719,507.7974261,137.3973637,70.61190098
8107,188.886461,525.1765095,150.342756,74.1222561
8115,191.3650335,532.5851742,152.6183158,75.24334648
8124,191.3650335,532.5851742,152.6183158,75.24334648
8142,226.3887262,571.8311793,179.644035,98.92302448
8144,226.3887262,571.8311793,179.644035,98.92302448
8149,237.1312788,592.2777774,190.0755095,107.2284524
8153,237.1312788,592.2777774,190.0755095,107.2284524
8154,237.1312788,592.2777774,190.0755095,107.2284524
8157,237.1312788,592.2777774,190.0755095,107.2284524
8175,217.9067807,566.9514624,173.9210476,94.23148488
8177,227.6715527,606.0548886,173.1638195,94.90286856
8178,227.6715527,606.0548886,173.1638195,94.90286856
8180,223.0687523,578.065615,177.2509934,96.24274202
8205,234.8171595,634.8844167,179.0527563,99.00142688
8227,238.0076536,607.8391454,188.7356768,111.4046631
8229,231.7817227,614.1818261,180.868648,107.7744503
8235,236.1776493,628.262669,180.3113783,107.9199445
8236,236.1776493,628.262669,180.3113783,107.9199445
8237,238.329566,636.0568777,178.9672186,105.9065132
8241,232.6347756,595.0141636,186.3094131,111.8024038
8254,256.087183,659.4809353,192.3931304,112.9928198
8264,244.5524165,613.5399371,186.138869,108.3512663
8266,260.2699733,646.2066142,204.5646875,120.3588626
8270,235.5927119,591.4399161,179.2416342,102.5782835
8272,307.4731108,765.7271731,241.9503429,146.5411729
8274,266.0110632,650.9603225,207.8485748,121.6193025
8275,310.884725,800.2074782,248.0066268,156.010475
8304,274.0553332,660.2668292,201.3933654,124.0780896
8306,248.3897056,613.57637,188.3845929,109.4019687
8329,237.387234,606.1944057,167.9212768,92.62139723
8330,237.387234,606.1944057,167.9212768,92.62139723
8333,227.5831773,593.2375071,173.3189359,91.28901266
8336,247.3550596,636.8790796,183.3436002,99.41507999
8342,317.816445,762.2956013,241.6081527,143.8659068
8344,365.051147,873.6726292,276.8977784,169.1941778
8345,365.051147,873.6726292,276.8977784,169.1941778
8366,360.2988253,936.1673281,282.0483597,153.7451241
8368,409.9331229,1033.518765,294.6358519,152.2529826
8369,426.116087,1079.787469,324.3955662,166.3591547
8370,426.116087,1079.787469,324.3955662,166.3591547
8372,378.2358489,932.8505024,267.0090942,142.0304432
8382,352.2798439,945.3147136,292.6223823,146.6645407
8384,276.7496414,623.2834145,206.51245,134.002521
8389,295.2051409,702.3234759,231.2559325,139.9587395
8392,273.9886839,618.6443003,205.7495354,131.9692964
8394,310.3474293,769.4146481,246.5920252,139.7848049
8401,318.489427,800.4390307,258.9348284,138.6336319
8402,318.489427,800.4390307,258.9348284,138.6336319
8407,289.8869234,710.8615248,222.2521806,132.8156194
11325,580.1978965,1332.767517,339.6287915,193.0262779
11326,580.1978965,1332.767517,339.6287915,193.0262779
11327,580.1978965,1332.767517,339.6287915,193.0262779
11328,651.9000178,1542.548359,374.4523569,209.0032988
11329,651.9000178,1542.548359,374.4523569,209.0032988
11330,561.3044466,1356.545443,320.6202731,168.510355
11331,545.3752272,1217.879993,322.2770656,184.785937
11332,535.3754837,1218.140374,317.0851719,180.0300507
11333,535.3754837,1218.140374,317.0851719,180.0300507
11334,687.2927645,1604.755772,382.6654744,206.402286
11335,687.2927645,1604.755772,382.6654744,206.402286
11337,655.2262231,1526.93685,354.0495756,207.0902378
11338,560.2639036,1282.915535,325.6379827,185.6128098
11340,574.9253932,1326.466153,329.4485803,188.7742206
11341,574.9253932,1326.466153,329.4485803,188.7742206
11342,649.2392702,1504.107988,367.038345,198.7375799
11343,586.552568,1364.371148,335.3196736,187.0997657
11344,584.2991855,1365.129389,339.7800071,188.9299306
11345,584.2991855,1365.129389,339.7800071,188.9299306
11346,596.5189134,1400.436239,332.275775,183.5815727
11347,584.2991855,1365.129389,339.7800071,188.9299306
11348,534.3015689,1258.219154,300.1147241,155.0176879
11349,534.3015689,1258.219154,300.1147241,155.0176879
11350,595.6814416,1397.024317,343.9310098,187.3010163
11351,579.123386,1362.320457,321.2666961,169.8180797
11352,579.123386,1362.320457,321.2666961,169.8180797
11353,546.458716,1272.66222,300.5086745,148.8370151
11354,640.4519526,1523.688695,365.8933149,195.0141934
11355,560.2639036,1282.915535,325.6379827,185.6128098
11356,546.458716,1272.66222,300.5086745,148.8370151
11358,579.123386,1362.320457,321.2666961,169.8180797
11362,579.123386,1362.320457,321.2666961,169.8180797
16010,579.123386,1362.320457,321.2666961,169.8180797
16017,682.6047766,1609.126544,389.9235477,220.2553892
16021,856.9163038,2007.796426,418.4140209,238.2890703
16027,429.6171886,1012.850952,229.069768,105.7864409
16029,560.2639036,1282.915535,325.6379827,185.6128098
16101,744.9599359,1770.618557,388.2739714,218.5552045
16130,690.9065446,1600.963531,368.7611936,212.6566354
16149,789.458704,1856.550312,402.4687176,217.0755051
16150,671.8881052,1548.768955,358.5824837,206.6759891
16154,322.9344408,730.7294637,179.7125447,95.0882376
16220,330.9962208,762.8913527,185.0501709,96.02057931
16221,515.414848,1153.112836,310.0105532,182.1885438
16222,579.5840427,1230.917161,331.0980151,188.8029326
16241,726.952948,1732.880475,382.2220125,213.7013146
16246,744.9599359,1770.618557,388.2739714,218.5552045
16300,374.3235533,909.3104287,186.5405284,95.57314986
16403,820.6230319,1771.957453,395.1025014,219.7358824
16427,744.9599359,1770.618557,388.2739714,218.5552045
16447,772.528763,1819.913984,397.9526109,216.1402465
16475,761.0150029,1797.735203,391.0284037,224.6284325
16585,589.4563953,1349.167228,331.7658291,191.2132751
16587,724.3293127,1682.965351,385.235364,199.4386022
16978,542.6994899,1301.981714,254.0797653,128.4314708
16984,681.7593897,1629.708267,389.4844585,219.415739
17158,788.130603,1887.111524,398.9575263,229.8897935
17361,655.4116587,1481.528795,354.1156846,210.953987
17729,915.3455967,1976.41344,433.0001984,236.1431163
17731,389.4792763,983.7658413,186.693792,96.61817427
17740,622.3835564,1444.225391,353.3958927,204.3181264
17746,600.4638439,1262.671544,344.380924,195.5157388
17772,726.952948,1732.880475,382.2220125,213.7013146
17832,574.9253932,1326.466153,329.4485803,188.7742206
17884,772.528763,1819.913984,397.9526109,216.1402465
17930,763.0135703,1863.621428,372.7613742,210.1421285
18113,449.0059089,1125.393294,212.1793213,104.4331322
18146,632.1420822,1339.193023,352.4886528,201.5128569
18332,549.8917382,1249.421322,322.1012779,183.9496832
18348,535.3754837,1218.140374,317.0851719,180.0300507
18352,651.9000178,1542.548359,374.4523569,209.0032988
18376,652.7897356,1481.892205,350.9379648,201.510488
18388,690.9065446,1600.963531,368.7611936,212.6566354
20040,747.0481844,1669.615638,383.9352192,222.3420592
20047,724.3293127,1682.965351,385.235364,199.4386022
20055,675.859985,1420.49775,364.3956604,213.8537871
20056,846.1341371,1923.132727,412.5060372,239.2582622
20057,784.1693959,1818.606391,419.2838878,229.9269962
20071,783.1935413,1838.807616,398.446602,216.3435628
20158,528.4955371,1239.416306,296.3027292,152.1609584
20228,671.8881052,1548.768955,358.5824837,206.6759891
20229,366.3888324,823.6525664,204.3065416,101.245777
20230,429.6171886,1012.850952,229.069768,105.7864409
20232,632.4427058,1435.610572,346.0642261,198.8530164
20238,565.6076942,1235.429914,281.3788787,141.9787003
20240,586.552568,1364.371148,335.3196736,187.0997657
20241,374.3235533,909.3104287,186.5405284,95.57314986
20379,814.194493,1951.881376,403.8988341,232.5778361
20421,632.4427058,1435.610572,346.0642261,198.8530164
20422,534.3015689,1258.219154,300.1147241,155.0176879
20426,667.2635276,1563.092047,385.0110821,211.0306196
20613,488.6904408,1072.656919,276.0321457,118.9384549
20616,802.9612099,1683.947642,417.0979879,238.9444931
20618,732.9339963,1756.084551,373.375878,217.6794312
20620,475.1985014,1045.507063,257.2348062,117.5036264
20622,681.7593897,1629.708267,389.4844585,219.415739
20632,956.9310474,2035.415432,472.1176767,264.5103363
20633,579.7873868,1303.727031,328.8639548,190.1359871
20801,849.5075425,1859.193218,407.1419643,239.4198795
20804,579.123386,1362.320457,321.2666961,169.8180797
20806,874.1036906,1818.518853,445.4621712,247.9379893
20808,784.1693959,1818.606391,419.2838878,229.9269962
20811,741.7466314,1756.670654,383.9155205,229.9991756
20814,978.0516189,2108.05126,476.2419602,246.4890952
20818,581.8265195,1392.07523,269.0111217,144.0515433
20819,560.2639036,1282.915535,325.6379827,185.6128098
20994,589.4563953,1349.167228,331.7658291,191.2132751
20995,898.6792274,2055.641238,404.6857467,243.6016824
21003,928.5655287,1975.521591,432.2703069,243.9161875
21011,781.2602545,1823.552039,391.5757498,220.3895451
21012,683.4505469,1482.903714,340.5525615,180.0014532
21013,808.7950007,1914.773084,406.7663977,224.9373036
21014,615.0881728,1400.848971,343.9493915,196.6480894
21015,655.4116587,1481.528795,354.1156846,210.953987
21021,596.5189134,1400.436239,332.275775,183.5815727
21186,717.2755364,1575.845701,354.2049263,191.1302275
21192,596.5189134,1400.436239,332.275775,183.5815727
21193,757.0942178,1646.010472,395.6888685,228.8251864
21194,690.0482055,1545.910211,364.6744674,216.4964442
21196,589.7326914,1427.421153,316.6602747,157.9487869
21199,601.1694969,1388.353606,336.5935065,193.872213
21576,589.7326914,1427.421153,316.6602747,157.9487869
21588,784.1693959,1818.606391,419.2838878,229.9269962
21762,797.2931347,1835.357881,394.2123651,232.0225231
21778,579.123386,1362.320457,321.2666961,169.8180797
21780,683.4505469,1482.903714,340.5525615,180.0014532
21953,353.657901,836.3635076,192.6272763,101.3182405
21967,808.7950007,1914.773084,406.7663977,224.9373036
21981,1048.94582,2283.856137,462.8963754,274.3372501
22150,495.1595093,1189.053586,231.4755124,117.6524957
22156,644.7912986,1498.74514,375.3065892,215.2359318
22158,874.1036906,1818.518853,445.4621712,247.9379893
22175,706.3680359,1677.904553,375.2224638,213.288393
22342,952.3135567,1943.659496,517.2095338,303.1865687
22368,580.1978965,1332.767517,339.6287915,193.0262779
35002,417.8768814,1081.192897,241.7458473,114.7671499
35003,511.3049415,1286.890279,298.3802753,147.9347959
35004,378.6217767,949.4295692,232.0388475,109.0899284
35006,543.6231125,1418.633987,317.8795891,145.1030391
35035,425.8500383,1103.640243,250.2900437,123.2787727
35049,426.3064215,1043.720692,262.2476081,140.1203034
35051,510.3172272,1258.636178,308.2709987,155.3175942
35064,493.4470193,1250.794267,290.9658192,143.0973333
35211,372.0285131,948.5741694,198.5084236,93.02631142
35272,369.4975386,940.3443097,229.5247725,107.2576196
35275,712.2891131,1843.03288,395.3362961,196.6822079
35281,489.580163,1237.639004,296.9861221,136.6469372
35429,642.6040626,1527.859102,371.9650032,214.1590152
35439,424.2903736,1088.727009,260.9767984,130.3542821
35472,378.6217767,949.4295692,232.0388475,109.0899284
35525,493.4470193,1250.794267,290.9658192,143.0973333
36061,376.8361924,1009.452007,216.0673192,98.82811278
36062,576.2192055,1473.395232,323.9658467,152.2061744
36063,695.7351085,1783.820953,380.3278155,181.1764312
36277,521.960941,1279.319159,315.9539843,160.4415914
36490,686.847541,1684.654516,387.0145965,212.2342769
36491,660.834298,1720.454446,363.7851653,162.3523007
36915,734.4524732,1915.055829,406.015652,199.5997497
36916,449.8811659,1058.625419,263.2516506,148.5095654
36917,521.3904042,1332.013565,318.2342238,151.7675294
36920,353.0523301,926.3490362,207.4088419,91.68171962
36937,481.1915825,1148.834641,281.2347285,153.8874715
36956,424.2903736,1088.727009,260.9767984,130.3542821
36958,364.6347752,969.3220194,215.6184639,102.1807933
36988,466.3998727,1133.796134,275.5049047,148.1082236
36995,378.6217767,949.4295692,232.0388475,109.0899284
37128,443.1509557,1087.101628,261.9789614,143.9037952
37564,481.1915825,1148.834641,281.2347285,153.8874715
37567,443.7954913,1133.146123,266.3301814,128.8088074
37621,545.4508368,1368.608196,315.7004764,160.7340278
39473,315.3384565,756.2322496,202.1197596,99.98722461
39474,362.5394199,945.0135948,209.1393794,95.27582608
39475,453.1402171,1189.290832,270.0332768,126.0935087
39538,481.1915825,1148.834641,281.2347285,153.8874715
39557,433.4042624,1101.508494,265.5701368,133.3769678
39580,569.914671,1479.14897,327.4218958,147.5189406
39602,496.9240401,1166.786457,288.4948242,162.5320826
39708,637.3036785,1552.495806,363.74864,197.771343
39710,507.0759565,1329.312707,311.6736189,146.044192
39712,564.9899416,1280.046326,332.531377,199.7324225
39714,493.4470193,1250.794267,290.9658192,143.0973333
39715,445.0399002,1082.042244,265.7576708,142.568591
39716,543.5828091,1395.59386,328.5669935,142.6765578
39719,465.6506676,1079.209721,271.8776368,157.5346368
39720,473.4542957,1179.555717,261.4333473,121.3341389
39721,582.6741636,1432.105717,340.6565448,168.8699609
39722,321.1332432,810.6976368,195.8778158,96.56232671
39726,364.6347752,969.3220194,215.6184639,102.1807933
39729,435.1839831,1101.442816,259.9003379,118.4790177
39730,521.960941,1279.319159,315.9539843,160.4415914
39731,417.1748357,1073.263976,258.3444793,135.3144459
39762,370.722338,980.3797492,218.7964628,103.7255421
39964,371.1896458,978.1109179,206.7326483,92.85949735
39965,441.3219573,1101.821458,264.8630188,140.7047378
39969,576.2192055,1473.395232,323.9658467,152.2061744
39974,445.6095817,1113.178983,266.8314411,139.999148
39980,367.1834953,953.6087473,201.0848443,91.37646605
39983,541.0442364,1256.236256,314.7757421,184.6080054
40219,578.0545389,1460.873616,335.5137073,164.7948223
40223,476.3421557,1199.43863,279.1104029,130.4339001
40228,638.9574538,1511.614982,367.6443826,212.1796728
40233,712.2891131,1843.03288,395.3362961,196.6822079
40234,523.0050985,1332.460152,320.9713568,154.1714142
40235,335.1280515,866.8376244,196.9103743,92.0802959
40475,545.4508368,1368.608196,315.7004764,160.7340278
40476,353.9030413,924.9378522,208.3224641,97.49132786
40477,376.8361924,1009.452007,216.0673192,98.82811278
40478,442.9555384,1112.183462,273.0830768,141.0732378
40483,322.1105443,784.6538103,198.4228602,98.87084543
40484,504.5155973,1291.318009,305.0768737,146.5057993
40486,428.6062613,1049.554739,249.6493548,138.9752646
40487,844.8227914,2233.609448,465.8193747,221.4750414
40489,507.6942731,1242.147991,307.363884,156.7367887
40729,541.7135965,1329.775674,328.1274099,162.6086244
40730,441.9570858,1180.608695,226.4530564,96.23184064
40734,444.6217934,1134.694691,270.2472999,131.9826426
40736,493.4470193,1250.794267,290.9658192,143.0973333
40737,477.1442519,1229.963829,286.7989468,140.8557299
40979,487.0253507,1228.080835,292.7227669,142.4061992
40981,466.3998727,1133.796134,275.5049047,148.1082236
40983,428.3118402,1070.854174,253.1592875,115.4584719
40988,417.2600692,1062.103815,252.2376594,127.6062374
40991,307.3453549,750.7500109,202.8169881,99.69783567
40999,353.0523301,926.3490362,207.4088419,91.68171962
41493,394.6220903,1048.495015,230.5450703,105.3422026
41500,481.0922934,1215.942105,292.9477288,145.8734752
41508,499.3832511,1235.272411,302.9300162,151.6894843
41513,519.7017994,1213.844613,304.0679992,174.5550681
41517,685.9891829,1719.864829,378.5308483,190.7027463
41747,462.4949759,1137.035681,272.7397969,144.0212599
41757,394.8328754,1025.607055,231.0002113,113.4537672
41998,508.49537,1299.266193,310.5524182,146.4834207
42007,646.3245787,1507.929752,371.6008687,212.7923117
42009,482.8871276,1258.158554,297.0338057,142.600702
42017,547.6796977,1317.235649,297.080585,140.357021
42018,507.0759565,1329.312707,311.6736189,146.044192
42024,345.3591819,844.9249765,202.7168215,96.04737616
42250,603.2407578,1468.18854,339.501691,179.0925569
42253,500.1037246,1286.416025,302.9192966,146.4676429
42255,488.7409169,1263.57804,290.714511,136.1810611
42503,685.9891829,1719.864829,378.5308483,190.7027463
42517,376.5436269,957.20849,199.7308774,93.44658523
42521,498.3211781,1228.806633,297.8812849,152.6981796
42524,370.7071653,942.6937675,220.7648609,118.1560392
42527,591.7583276,1356.345158,352.0891257,210.2703443
45001,565.767688,1339.398077,345.3386108,170.3734922
45002,333.8610756,934.1624612,242.2966738,114.5831717
45018,431.363349,1325.099269,298.4885994,134.1647127
45032,369.0738217,1070.58466,275.1103577,115.6797804
45044,332.2881357,978.5640375,240.4879684,101.6541185
45049,441.4789136,1180.871926,311.0185462,137.6409331
45199,409.2754659,1072.671213,250.648262,118.2009471
45200,411.5458927,1267.308541,287.0826799,125.8566058
45279,421.6946536,1143.233682,296.33866,128.5438837
45283,422.6224411,1128.802567,286.5679842,124.0529162
45312,339.9008808,974.7751506,243.5054843,100.1398835
45415,428.2279686,1156.780738,301.3790829,130.3728978
45430,369.0738217,1070.58466,275.1103577,115.6797804
45444,421.6946536,1143.233682,296.33866,128.5438837
45448,422.6224411,1128.802567,286.5679842,124.0529162
46002,343.7822582,1001.116855,230.2278883,97.2823163
46004,412.3676835,1113.383585,278.8063262,119.0727751
46199,440.7607832,1178.102679,292.3349537,129.9605831
46400,634.3909005,1974.707672,449.288142,187.6991547
46607,546.9426591,1307.41893,333.2970313,163.9767085
46814,567.4328826,1591.178024,366.0193715,132.9907944
46868,422.6224411,1128.802567,286.5679842,124.0529162
46934,305.0077731,994.6261215,230.0489076,88.96486773
46936,436.6865633,1169.970066,302.9748352,131.2063612
47009,437.4995364,1155.089947,289.1407937,128.3816141
47011,529.3370366,1472.489176,343.5097945,130.3227861
47415,567.4328826,1591.178024,366.0193715,132.9907944
47418,398.4990537,1167.304245,289.9895684,120.7901602
47424,431.3176644,1158.314869,298.6814338,128.561575
47569,421.6946536,1143.233682,296.33866,128.5438837
49210,579.0550212,1815.013123,405.0984327,171.1178199
49237,349.7517544,977.181222,255.1904831,117.8415007
49467,492.1689981,1253.704336,337.4985251,153.8988068
49483,473.3198317,1252.570273,336.0451288,155.7089025
49705,409.2754659,1072.671213,250.648262,118.2009471
49706,332.2881357,978.5640375,240.4879684,101.6541185
49708,565.767688,1339.398077,345.3386108,170.3734922
49712,412.3676835,1113.383585,278.8063262,119.0727751
49725,428.2279686,1156.780738,301.3790829,130.3728978
49726,352.8511653,1030.404312,239.4780398,103.7507151
49731,334.9641436,1042.384865,237.5613701,95.2263144
49732,440.7607832,1178.102679,292.3349537,129.9605831
49735,452.3695088,1414.460808,311.2985341,125.0628371
49961,453.1928047,1192.382247,314.0886495,133.8234758
49967,345.7422467,981.0132937,245.415698,101.1021528
49972,448.8684738,1160.717347,281.1914474,134.8878038
49973,385.1526652,1148.08482,265.3876064,111.2388324
49974,634.3909005,1974.707672,449.288142,187.6991547
49977,442.2295965,1182.530687,310.0006101,136.0766847
49979,387.783868,1091.787137,274.0220062,116.3089653
49988,521.8784904,1278.252354,325.3449777,157.2090261
50224,357.0848813,1048.148972,264.8087414,110.8377866
50234,387.7800019,1073.828093,257.129965,112.0320911
50236,424.3589544,1193.028751,318.5777742,140.0771879
50243,428.2279686,1156.780738,301.3790829,130.3728978
50250,387.7800019,1073.828093,257.129965,112.0320911
50468,428.9636767,1136.352426,298.3212084,138.5111107
50474,345.7422467,981.0132937,245.415698,101.1021528
50494,473.3198317,1252.570273,336.0451288,155.7089025
50499,332.9269797,1030.858261,250.7165615,97.39655334
50728,385.0810656,1079.166643,261.412512,111.2945672
50731,408.0423666,1114.949257,279.1038961,119.0066047
50735,539.0033557,1310.035227,340.344574,163.5713289
51250,334.0089283,954.5126347,240.4193804,98.43070305
51254,317.2277123,958.1580713,219.057112,94.04999712
51495,436.2800469,1169.392661,307.45945,135.3598313
51514,336.2611099,965.6652285,230.7198243,95.32792419
51531,539.0033557,1310.035227,340.344574,163.5713289
51538,491.580285,1273.160721,345.6533885,159.9616144
51771,350.6288155,1042.952747,241.408518,101.9408944
51785,422.6224411,1128.802567,286.5679842,124.0529162
52008,480.8238461,1324.544283,337.7113648,148.6362908
52009,521.8784904,1278.252354,325.3449777,157.2090261
52013,385.0810656,1079.166643,261.412512,111.2945672
52023,345.7422467,981.0132937,245.415698,101.1021528
52031,366.4671886,1081.377507,251.4935604,104.7301485
52262,412.4021713,1130.407987,289.5386981,126.0803763
52267,565.767688,1339.398077,345.3386108,170.3734922
52274,357.0848813,1048.148972,264.8087414,110.8377866
52278,387.783868,1091.787137,274.0220062,116.3089653
55005,329.7011365,817.9018449,238.8654218,129.2815766
55039,292.1329889,709.1800438,227.4752808,142.3961337
55100,226.3348516,593.1924288,169.5830387,87.5875517
55327,341.2996226,858.4958007,199.1186116,97.37506823
55331,276.7496414,623.2834145,206.51245,134.002521
55332,455.2642983,1159.733951,280.9892654,137.1160668
55376,214.7748823,574.610444,161.1244894,77.76635069
55539,335.9742108,822.7677577,199.0580385,100.2136278
55649,331.3067737,848.1298681,260.0911526,131.2761567
55656,335.5996534,837.679156,199.605498,98.66133582
55658,501.4064576,1268.027797,297.4061814,151.235642
55676,265.2077821,645.7077868,207.4723895,123.162033
55965,335.5996534,837.679156,199.605498,98.66133582
56314,266.0110632,650.9603225,207.8485748,121.6193025
56971,529.1006441,1289.287389,309.795145,170.1991338
57295,330.7860169,807.1817606,199.4909749,100.8887481
57956,289.8869234,710.8615248,222.2521806,132.8156194
57958,287.5011248,765.3845558,189.8870962,88.83105377
57965,204.6202824,539.1366725,156.0687078,80.74003718
58287,312.8051366,848.380063,211.2983317,98.33039035
58942,282.1727608,723.462856,193.8711462,94.98004698
58951,279.655468,672.9718365,212.8650072,128.656484
61898,310.884725,800.2074782,248.0066268,156.010475
61899,317.816445,762.2956013,241.6081527,143.8659068
61901,287.9767643,813.7569398,188.2185263,78.55487375
61904,269.0751166,656.91305,207.831296,121.8395335
61907,280.3744618,645.9774769,213.03656,137.1018658
61916,225.3000531,751.1298815,157.6819161,65.79145738
61917,312.8845197,824.3774665,192.800549,89.86948176
61920,340.321309,907.0018346,202.1279577,95.40929958
61924,343.787816,886.2953266,205.0788343,97.95990036
61926,227.7361641,580.193064,176.8701914,99.39101491
61930,464.7937136,1155.593459,318.9356987,163.182236
61934,344.7119795,912.7706069,285.2955633,145.8325223
62293,340.321309,907.0018346,202.1279577,95.40929958
62305,265.2077821,645.7077868,207.4723895,123.162033
62307,247.7043953,696.6923779,173.8750337,77.15951578
62316,286.4711701,724.0622706,201.3121527,100.5303638
62318,274.2200031,725.7926802,182.5375089,84.08982444
62330,358.0320891,926.5714475,301.4173782,167.2095621
62334,405.6974771,1186.264038,271.5402006,115.4653132
62376,341.2996226,858.4958007,199.1186116,97.37506823
62439,335.5996534,837.679156,199.605498,98.66133582
62566,335.5996534,837.679156,199.605498,98.66133582
62680,515.2993392,1288.490586,301.5829921,159.1488372
62688,285.704003,745.1952005,189.9142427,92.61134984
62700,361.1117004,894.2972986,207.3186797,102.8227531
63042,262.0440736,640.3225488,205.3157145,118.4061152
63043,279.3396577,740.1037154,198.2908894,99.44914963
63047,283.2591878,733.5400918,198.6917429,98.97681371
63048,237.8659468,677.5850188,156.5332316,67.97035531
63049,273.9886839,618.6443003,205.7495354,131.9692964
63060,268.2245045,722.8289273,181.6373817,83.51982624
63064,218.7770253,583.7054939,162.3117855,78.19163015
63070,341.444429,837.7299674,199.5213514,100.4007352
63417,341.444429,837.7299674,199.5213514,100.4007352
63419,217.9067807,566.9514624,173.9210476,94.23148488
63420,465.9341229,1165.043477,326.8429712,167.4802681
63422,254.5502943,717.452811,171.4833745,80.58928239
63424,344.7119795,912.7706069,285.2955633,145.8325223
63433,335.9742108,822.7677577,199.0580385,100.2136278
63445,452.0060583,1164.157377,281.0551397,135.7779141
63449,287.9233798,725.8576205,219.2540078,111.5466111
63830,484.8856339,1213.289045,275.5703107,143.494105
63831,214.2114429,550.3537631,167.7144263,90.79903896
63840,242.7438623,661.4062091,163.5576065,81.08148026
63842,397.6674283,1031.85937,239.2161191,111.0302758
63845,309.8261052,818.3583936,249.5235402,157.6319236
64183,266.7285398,667.0296775,207.4701898,121.7287652
64185,329.0198484,782.3488799,207.4752617,105.2626473
64187,327.9604534,855.4395246,267.2659145,168.2449722
64193,340.321309,907.0018346,202.1279577,95.40929958
64198,195.0018551,550.239034,158.9005942,77.96198804
64201,331.0476961,862.7344816,195.5143229,91.60259271
64203,235.5927119,591.4399161,179.2416342,102.5782835
64214,281.926359,874.0941582,211.2037457,105.7523134
64960,556.8663238,1345.871795,320.9860765,177.3497329
64976,353.5911184,911.5643267,205.1775163,98.3334704
64980,301.9987249,789.9645862,200.260905,103.8031864
65370,252.2001443,623.6645576,190.3459105,111.991179
65380,229.1535656,580.5650163,178.827524,98.37198183
65716,279.3396577,740.1037154,198.2908894,99.44914963
65734,331.3067737,848.1298681,260.0911526,131.2761567
65740,234.8917831,672.6016814,167.8306439,72.20022067
66093,213.423564,720.8423888,148.8945652,62.36895098
66104,249.5463786,635.9857195,181.4056352,96.07763208
66108,248.5378744,712.1296539,172.8231929,73.96129771
66110,303.5139479,789.6375114,193.8550166,93.74954982
66112,210.0655056,564.1049432,152.222255,75.55143681
66121,455.2642983,1159.733951,280.9892654,137.1160668
66477,259.4134568,708.4785185,168.1321156,74.81946525
66492,340.321309,907.0018346,202.1279577,95.40929958
66524,273.5527318,694.0171473,201.3973711,102.638113
105014,763.0135703,1863.621428,372.7613742,210.1421285
105026,579.123386,1362.320457,321.2666961,169.8180797
105042,546.458716,1272.66222,300.5086745,148.8370151
205161,515.2971326,1339.513583,310.444791,148.5027525
205178,686.847541,1684.654516,387.0145965,212.2342769
205242,534.4408217,1345.823553,306.7280893,155.8544776
305015,341.4164053,969.7270351,245.2277913,102.0391328
305018,575.746238,1579.740605,359.8273663,138.2611123
405191,314.5100872,750.0078571,237.6246563,145.1461291
405245,395.1923157,1026.671939,231.6126778,113.5128524
